,Bearing 1,Bearing 2,Bearing 3,Bearing 4
2004-02-12 10:32:39,0.05833287758191331,0.07183163240392648,0.08324190634308314,0.04306655598417764
2004-02-12 10:42:39,0.05899521461008769,0.07400571316958819,0.08443542165144764,0.044541042043067094
2004-02-12 10:52:39,0.060236437326040664,0.07422662239367123,0.08392607060891626,0.04444308804140667
2004-02-12 11:02:39,0.06145544216026119,0.07384408418379779,0.08445744421114317,0.04508140045900594
2004-02-12 11:12:39,0.06136075980272448,0.07560876995947072,0.0828368084379122,0.045118365154547535
2004-02-12 11:22:39,0.06166482738414932,0.07327862688607763,0.08487924215049512,0.04417222520630746
2004-02-12 11:32:39,0.06194389374481137,0.07459290004394699,0.0826263001123098,0.044658577078957803
2004-02-12 11:42:39,0.06123052883441498,0.07417159040968728,0.08202192489867637,0.0438400800820339
2004-02-12 11:52:39,0.06227974998779191,0.07580775428487717,0.08437228380291958,0.0442722300893584
2004-02-12 12:02:39,0.05989027784559737,0.0751147516968594,0.08450603056789824,0.04397397333854041
2004-02-12 12:12:39,0.06237125836222416,0.07550495629669339,0.08223799990233874,0.04417080912153785
2004-02-12 12:22:39,0.06083705259045822,0.07464759021436533,0.08055198007715209,0.04360154304409258
2004-02-12 12:32:39,0.06109014112017134,0.07483221837003735,0.08078705014893349,0.043524488500413926
2004-02-12 12:42:39,0.06259866204404413,0.07548815860149384,0.08062556765467017,0.044679281214901986
2004-02-12 12:52:39,0.06234069046340073,0.07560125006103757,0.08039816397284996,0.044245519800769774
2004-02-12 13:02:39,0.06162976707847048,0.07528429122515723,0.08099931637286957,0.04468836368963167
2004-02-12 13:12:39,0.061884955320083805,0.07599184530494661,0.08330416524244287,0.04454856194149975
2004-02-12 13:22:39,0.06124630108892012,0.07403252111919466,0.08016592607060845,0.043482103618339686
2004-02-12 13:32:39,0.06147629278773367,0.07533194980223569,0.08176219541969808,0.044156159968747145
2004-02-12 13:42:39,0.06184325406513929,0.07581947360710942,0.08151184139850559,0.04355427511108798
2004-02-12 13:52:39,0.06221309634259428,0.0759205527613651,0.08089569803213054,0.043924801015672824
2004-02-12 14:02:39,0.06262576297670744,0.07640636749841274,0.08229376434396181,0.043765808877385355
2004-02-12 14:12:39,0.06251403877142421,0.07490766150690953,0.08181249084427897,0.04342741344792116
2004-02-12 14:22:39,0.06260691440011662,0.07650100102544034,0.08113311196835775,0.04504121294984937
2004-02-12 14:32:39,0.06244855705845013,0.07664822501098695,0.08357327017920721,0.044517115093509356
2004-02-12 14:42:39,0.061328873480149676,0.075141950290541,0.08256545729771915,0.04414287807021669
2004-02-12 14:52:39,0.06145202402461037,0.07666233702817458,0.08087235704868433,0.04386727867571524
2004-02-12 15:02:39,0.06127867571658738,0.07556155085697537,0.08216592607060814,0.044179793935249616
2004-02-12 15:12:39,0.06190634308315825,0.0751534742907366,0.08251682211045452,0.043844572488889844
2004-02-12 15:22:39,0.06188978954050451,0.07588436935397207,0.08026402656379703,0.04373260413105965
2004-02-12 15:32:39,0.0617283558767513,0.0756454905024654,0.08135905073489866,0.043278187411493176
2004-02-12 15:42:39,0.0632109478001852,0.07551774989013156,0.08134772205674126,0.045092338493089114
2004-02-12 15:52:39,0.06069144001171898,0.07611431222227626,0.08006855803506024,0.04403042140729397
2004-02-12 16:02:39,0.06227061868255216,0.07644362517701023,0.08200849650861862,0.04452233995800438
2004-02-12 16:12:39,0.061526783534351634,0.07732325797158054,0.08342111431222181,0.04420699252893071
2004-02-12 16:22:39,0.061508618584891164,0.07580379901362372,0.07935548610772002,0.044174520240244805
2004-02-12 16:32:39,0.06063054836661861,0.07618570242687585,0.08223721861418978,0.04436876800624884
2004-02-12 16:42:39,0.06268416426583262,0.07653127594120746,0.08133273109038486,0.04479032179305494
2004-02-12 16:52:39,0.061219151325748344,0.07574818106352878,0.08236495922652431,0.04437555544704195
2004-02-12 17:02:39,0.061413106108696276,0.07675887494506509,0.0816819180624055,0.04503310708530582
2004-02-12 17:12:39,0.06158030177254735,0.07701704184774666,0.08199179647443687,0.04467517945212035
2004-02-12 17:22:39,0.06191654865960157,0.0758276283021633,0.08108384198447166,0.04419200156257491
2004-02-12 17:32:39,0.061149470188973806,0.0754872796523265,0.07966375311294459,0.04365691684164126
2004-02-12 17:42:39,0.06146056936373751,0.07510537623907375,0.07857366082328275,0.04420738317300515
2004-02-12 17:52:39,0.06138336832853121,0.076713853215489,0.08184300991259325,0.04396928560964763
2004-02-12 18:02:39,0.06011616778162955,0.0753441085990527,0.08125401630938972,0.044294252649053505
2004-02-12 18:12:39,0.0622623174959713,0.07608550222178816,0.0821859465794228,0.044432198837832455
2004-02-12 18:22:39,0.06079369109819761,0.07491440011719247,0.08278465745397695,0.04428482836075838
2004-02-12 18:32:39,0.06178412031837419,0.07634239953122623,0.08128546315738037,0.04467703501147401
2004-02-12 18:42:39,0.06062463987499302,0.07473821963963038,0.07950686068655695,0.04378451096244785
2004-02-12 18:52:39,0.06151267151716375,0.07669407685922117,0.08101352605107648,0.04453952829727873
2004-02-12 19:02:39,0.06163587089213306,0.07628448654719432,0.08007456418770412,0.04470091313052275
2004-02-12 19:12:39,0.06239308559988218,0.07596874847404622,0.08021128961375071,0.04393212559206856
2004-02-12 19:22:39,0.060577225450461014,0.07613955759558536,0.07999472630499531,0.04537951071829541
2004-02-12 19:32:39,0.060348893988964106,0.07478958933541624,0.08132643195468488,0.043911860930708035
2004-02-12 19:42:39,0.06146183895697985,0.07621260803750189,0.08161721763757965,0.044706430978073676
2004-02-12 19:52:39,0.060919673812197754,0.07606221006885064,0.0802263294106155,0.04386967137067067
2004-02-12 20:02:39,0.06096616045705319,0.07527335319107321,0.07948225010986798,0.04312896137506577
2004-02-12 20:12:39,0.06019703110503412,0.07481258850529769,0.07934703842961073,0.042922261829189276
2004-02-12 20:22:39,0.06161287172225174,0.07699130816934405,0.0814636456858245,0.04310464378143318
2004-02-12 20:32:39,0.06208740661165089,0.0758313882513797,0.08092773084623268,0.04437570193856995
2004-02-12 20:42:39,0.060778895453879364,0.07588881293031847,0.08136720542995217,0.0433542165144766
2004-02-12 20:52:39,0.0622642218858339,0.07571717369012143,0.0812778455979295,0.04516021290101905
2004-02-12 21:02:39,0.06065432882464921,0.07634874749743632,0.07916695151130407,0.044337418819276934
2004-02-12 21:12:39,0.0608365642853648,0.07514693100249047,0.08072527955466532,0.04398915962693349
2004-02-12 21:22:39,0.06067879290980954,0.07604331266175073,0.07927486693686259,0.044345915327895606
2004-02-12 21:32:39,0.060815078861272055,0.07615845500268513,0.08137042824356594,0.043719761707113086
2004-02-12 21:42:39,0.06051096244933807,0.07613301430733889,0.08050012207627359,0.04365970018067161
2004-02-12 21:52:39,0.0605156990087402,0.07633063137848517,0.08049387177108236,0.04317676644367257
2004-02-12 22:02:39,0.06074896235167698,0.07604946530592296,0.08059182577274289,0.04435997851457481
2004-02-12 22:12:39,0.059402656379705446,0.07486503247228825,0.07983216953952844,0.04402304800038929
2004-02-12 22:22:39,0.060527027686898806,0.07673377606328435,0.08193280921919971,0.04424219932613787
2004-02-12 22:32:39,0.06077078958933501,0.0757229356902186,0.0806311831632402,0.045051223204256766
2004-02-12 22:42:39,0.061741833097318406,0.07780155281019537,0.08116314273157844,0.04440246105766767
2004-02-12 22:52:39,0.06189354948972087,0.0769735338639574,0.08186283509936963,0.04470989794423431
2004-02-12 23:02:39,0.0612433712583619,0.07546354802480522,0.07919278285072427,0.04467718150300153
2004-02-12 23:12:39,0.060408955515405295,0.0767302114361051,0.08058205967088253,0.04415362078226302
2004-02-12 23:22:39,0.061595341569411904,0.07602373162752035,0.08013433273108994,0.04375008545338968
2004-02-12 23:32:39,0.06002387811904852,0.07503813662776469,0.07704360564480674,0.04395243908393832
2004-02-12 23:42:39,0.06083685726842096,0.07633165681918025,0.08231607988671295,0.04457610234874618
2004-02-12 23:52:39,0.06048137116070116,0.07487987694711584,0.08100400410176273,0.04337003759949053
2004-02-13 00:02:39,0.05913394208701527,0.07498149323697396,0.0795300063479662,0.0444410371600163
2004-02-13 00:12:39,0.060678206943698076,0.07566306948581468,0.0799371063040185,0.04406064749255203
2004-02-13 00:22:39,0.060732848283607165,0.07454006543288202,0.07784852776014438,0.04454309292445807
2004-02-13 00:32:39,0.06110459495092494,0.07638942331168495,0.07802304800039048,0.04366516919771319
2004-02-13 00:42:39,0.06074764392792568,0.07522764783436652,0.0787712290639192,0.04457981346745285
2004-02-13 00:52:39,0.06091508374432311,0.07495073001611359,0.07895307388056026,0.04350720250012064
2004-02-13 01:02:39,0.0588802187606811,0.07451008350017041,0.0785152595341567,0.04434293666682817
2004-02-13 01:12:39,0.060841398505785946,0.07619126910493654,0.08101245177987182,0.044847697641484906
2004-02-13 01:22:39,0.06119073196933391,0.07577186386053981,0.08181571365789307,0.04384042189559874
2004-02-13 01:32:39,0.06205762000097632,0.07565369402802803,0.07986786464182839,0.04357302602665992
2004-02-13 01:42:39,0.06005605742467886,0.07526632159773386,0.0810239269495577,0.044224522681770476
2004-02-13 01:52:39,0.060578739196249114,0.07536940280287142,0.08169432101176803,0.04352429317837648
2004-02-13 02:02:39,0.05935529078568237,0.07500517603398567,0.0789331022022554,0.04410366717124713
2004-02-13 02:12:39,0.061484105669221585,0.07577635626739569,0.08110391132379512,0.04393232091410569
2004-02-13 02:22:39,0.06068133209629324,0.07605029542458094,0.07910474144245304,0.04401606523755873
2004-02-13 02:32:39,0.06147541383856547,0.07594565164314604,0.07998090727086188,0.044492797499876294
2004-02-13 02:42:39,0.060370281752037826,0.07639586893891263,0.07926002246203386,0.044407246447579145
2004-02-13 02:52:39,0.061071390204599146,0.07549738756775183,0.07822232530885241,0.04487850969285481
2004-02-13 03:02:39,0.05984315640412123,0.07583763855656987,0.07918467698618076,0.044272816055469906
2004-02-13 03:12:39,0.06109478001855552,0.07534572000585875,0.07944723863469874,0.043947165388933604
2004-02-13 03:22:39,0.060354411836515236,0.07573397138532119,0.07926934908931098,0.04443473802431628
2004-02-13 03:32:39,0.060180819375945625,0.07585790321793048,0.07996962742321381,0.04399873040675675
2004-02-13 03:42:39,0.060264905512963755,0.07666038380780288,0.07849206504223821,0.044152253528003005
2004-02-13 03:52:39,0.06067640021485369,0.07592524049025784,0.07854489965330273,0.04421187557986077
2004-02-13 04:02:39,0.06119356413887348,0.07642443478685447,0.079676253723326,0.0446150690951693
2004-02-13 04:12:39,0.06040636749841267,0.07535934371795482,0.07891977147321572,0.04387265003173809
2004-02-13 04:22:39,0.05983588065823496,0.07574739977537917,0.08042340934615949,0.04363279457004579
2004-02-13 04:32:39,0.05987435909956474,0.0752934225303967,0.07884989501440509,0.04390624542213849
2004-02-13 04:42:39,0.061043752136334624,0.07541252014258426,0.0798130768103908,0.044983446457345276
2004-02-13 04:52:39,0.06009761218809474,0.07588119537086724,0.07928375408955578,0.04405317642462862
2004-02-13 05:02:39,0.0601366277650274,0.07423126129205364,0.07921802822403426,0.04362551882415955
2004-02-13 05:12:39,0.06129381317447085,0.07660627960349607,0.08179481419991186,0.04500556667805913
2004-02-13 05:22:39,0.05982909321744206,0.0754155964646707,0.07946764978758683,0.0439756824063661
2004-02-13 05:32:39,0.060349235802528746,0.07615669710435026,0.0781843351726152,0.04350061038136483
2004-02-13 05:42:39,0.05949455539821238,0.0747451535719511,0.07967058938424719,0.04406787440792853
2004-02-13 05:52:39,0.06227354851311058,0.07567566775721458,0.08063938668880309,0.044512427364615866
2004-02-13 06:02:39,0.060695004638898126,0.0755180428731869,0.08098881781336982,0.0438497973533851
2004-02-13 06:12:39,0.061149470188974,0.07702641730553232,0.07985126226866551,0.044780702182722246
2004-02-13 06:22:39,0.060680306655597975,0.07537296743004984,0.08042785292250598,0.044108989696761185
2004-02-13 06:32:39,0.06059138629815882,0.07610049318814387,0.07806118462815541,0.04423795107182817
2004-02-13 06:42:39,0.06125167244494353,0.07606753259436429,0.08086913423506951,0.043199277308460786
2004-02-13 06:52:39,0.061404804922114836,0.0751655842570438,0.08101772547487628,0.04421534254602133
2004-02-13 07:02:39,0.0622052346305968,0.07613985057864074,0.07911997656135467,0.04429034620830978
2004-02-13 07:12:39,0.060338200107426694,0.07435656037892473,0.0794949460422867,0.04341720787147686
2004-02-13 07:22:39,0.06059329068802191,0.07682880023438628,0.0792975242931785,0.04369915523218794
2004-02-13 07:32:39,0.060206064749254794,0.07510762244250146,0.07820494164754102,0.04305561795009388
2004-02-13 07:42:39,0.05997924703354633,0.07509644025587121,0.0792119244103712,0.04393407881244077
2004-02-13 07:52:39,0.06020879925777531,0.07533053371746644,0.07936696127740511,0.04430660676790732
2004-02-13 08:02:39,0.05925743444504048,0.07493930367693684,0.07802900532252541,0.043765760046875914
2004-02-13 08:12:39,0.06010679232384361,0.0761532789686995,0.08112373651057163,0.043833048488694154
2004-02-13 08:22:39,0.059880951218321106,0.07545656526197572,0.08152033790712426,0.04397299672835442
2004-02-13 08:32:39,0.060054592509399984,0.0750059573221347,0.07903198398359286,0.043597294789783234
2004-02-13 08:42:39,0.06054812246691677,0.07563240392597295,0.08204297084818532,0.04350734899164848
2004-02-13 08:52:39,0.06100883832218326,0.0762169051223204,0.08019874017285974,0.04410776893402856
2004-02-13 09:02:39,0.06148542409297283,0.07523946481761774,0.08092621710044429,0.04359822256946006
2004-02-13 09:12:39,0.061330924361540695,0.07666331363836076,0.08045803017725496,0.04443507983788099
2004-02-13 09:22:39,0.0601477611211479,0.076113482103618,0.07976722496215587,0.04399121050832451
2004-02-13 09:32:39,0.061197958884710496,0.07671976170711482,0.0800654817129741,0.044655012451778504
2004-02-13 09:42:39,0.05939259729478896,0.07556511548415433,0.07714697983299952,0.04284012891254295
2004-02-13 09:52:39,0.06043332193954711,0.07583890814981205,0.07772835587675178,0.043916988134184785
2004-02-13 10:02:39,0.06097573123687632,0.07578075101323319,0.07987616582840912,0.044015381610428624
2004-02-13 10:12:39,0.060270521021533574,0.07571053274085637,0.08010269056106215,0.04415274183309594
2004-02-13 10:22:39,0.06063450363787254,0.07650832560183604,0.08095429464329269,0.043819424776599086
2004-02-13 10:32:39,0.05984105669222102,0.07508105864544126,0.080532106059866,0.04394672591434975
2004-02-13 10:42:39,0.05975350358904179,0.07662698373944049,0.08240373065091075,0.043659211875578405
2004-02-13 10:52:39,0.06006631183163184,0.07580458030177194,0.07954631573807354,0.04369490697787836
2004-02-13 11:02:39,0.05967386102837012,0.07593227208359739,0.07858313394208714,0.04497670784706141
2004-02-13 11:12:39,0.059919673812197885,0.07487865618438407,0.07799311489818768,0.043641681722738884
2004-02-13 11:22:39,0.060456125787391436,0.07606860686556913,0.0796775233165677,0.04346891938082804
2004-02-13 11:32:39,0.059075638458908,0.07513662776502672,0.0780895063235504,0.04389149860832908
2004-02-13 11:42:39,0.061991210508324825,0.07543327310903879,0.08012178329019903,0.04445588163484405
2004-02-13 11:52:39,0.060446017871965636,0.07625025636017364,0.07950993700864302,0.04384374237023185
2004-02-13 12:02:39,0.06024796132623611,0.07575150153816064,0.0807762097758678,0.04486576492992676
2004-02-13 12:12:39,0.06038634698959867,0.07533341471751555,0.07877816299623865,0.043779627911517675
2004-02-13 12:22:39,0.061081156306459924,0.07512271106987631,0.07751154841544965,0.04341789149860698
2004-02-13 12:32:39,0.061375701938570906,0.07686288392987865,0.08169436984227725,0.0444745348893976
2004-02-13 12:42:39,0.0620118169832504,0.07615376727379287,0.07753435226329404,0.04397719615215444
2004-02-13 12:52:39,0.060469847160505935,0.07479002881000019,0.07949846183895651,0.043395673616874554
2004-02-13 13:02:39,0.060986620440450855,0.07550686068655667,0.07921841886810838,0.04379554665755023
2004-02-13 13:12:39,0.06028204502172959,0.07526822598759683,0.07781913179354485,0.04439455051516081
2004-02-13 13:22:39,0.06189384247277711,0.07669554177449987,0.07940553737975471,0.04418999951169332
2004-02-13 13:32:39,0.06044797109233776,0.07519341764734594,0.07711533766297167,0.044301919039014113
2004-02-13 13:42:39,0.06085819620098607,0.07632775037843649,0.08089633282875118,0.043892719371061706
2004-02-13 13:52:39,0.0600083988475997,0.07529884271692958,0.07659338834903974,0.04344914302456025
2004-02-13 14:02:39,0.06126466136041765,0.07548601005908466,0.07889071732018084,0.0429733385419192
2004-02-13 14:12:39,0.06060857463743274,0.07592358025294157,0.079821182674935,0.043907515015380205
2004-02-13 14:22:39,0.0610793495776159,0.07608232823868345,0.07982875140387717,0.043899067337270906
2004-02-13 14:32:39,0.06134425509058086,0.07599028272864854,0.07890658723570504,0.044307583378093304
2004-02-13 14:42:39,0.06113921578201976,0.07668011133356047,0.07909780751013164,0.044933688168366286
2004-02-13 14:52:39,0.06045514917720538,0.07480189462376038,0.07760115240001896,0.04313277015479134
2004-02-13 15:02:39,0.061760144538307124,0.0755102788222079,0.07877552614873778,0.04368396894379442
2004-02-13 15:12:39,0.060030763220860234,0.07533780946335222,0.07708979930660602,0.04355144294154842
2004-02-13 15:22:39,0.05960222667122364,0.0755066165340096,0.07768103911323788,0.0430521021534241
2004-02-13 15:32:39,0.060471800380877294,0.07514834708725975,0.07687216172664638,0.04409277796767284
2004-02-13 15:42:39,0.05972952780897486,0.0758455490990768,0.07828961375067046,0.04394994872796407
2004-02-13 15:52:39,0.06158918892523999,0.07597128766052996,0.07809521949313832,0.04397968650812892
2004-02-13 16:02:39,0.05963772645148665,0.0753434738024316,0.07792377557497927,0.043990331559156895
2004-02-13 16:12:39,0.059425069583475015,0.07495746862639648,0.07772601201230472,0.044445480736362564
2004-02-13 16:22:39,0.06048405683871267,0.07505542262805767,0.07599140583036265,0.04383705259045722
2004-02-13 16:32:39,0.060222569461398846,0.07526041310610854,0.0771627520875042,0.043578543874211235
2004-02-13 16:42:39,0.06019185507104824,0.07554074906001292,0.07970965379168889,0.043947946677082454
2004-02-13 16:52:39,0.05948332438107282,0.07459397431515134,0.07718648371502528,0.04313052395136307
2004-02-13 17:02:39,0.06154226280580077,0.07548503344889855,0.07912788710386211,0.044156159968747
2004-02-13 17:12:39,0.0600713413740902,0.07565188729918387,0.0798252356072066,0.043453879583962594
2004-02-13 17:22:39,0.061402949362761854,0.07582035255627725,0.07857493041652422,0.044122125103763433
2004-02-13 17:32:39,0.060335465598905756,0.0758483324381065,0.08101513745788327,0.044054690170416994
2004-02-13 17:42:39,0.061820401386785954,0.07587499389618582,0.07894721421944403,0.04566057912983914
2004-02-13 17:52:39,0.05926383124175891,0.07492626593095353,0.07682733531910704,0.04354929439913911
2004-02-13 18:02:39,0.060582840959030625,0.07573240880902352,0.07770071780848646,0.04430201670003279
2004-02-13 18:12:39,0.05959495092533765,0.07507856828946731,0.07706059866204377,0.042941501049854426
2004-02-13 18:22:39,0.0615601836027146,0.07494721421944377,0.07919268518970649,0.044726597978415564
2004-02-13 18:32:39,0.06116460764685741,0.07526768885199352,0.07671297426632134,0.04437692270130243
2004-02-13 18:42:39,0.06097084818594666,0.07533380536158953,0.07653449875482139,0.04420626007129109
2004-02-13 18:52:39,0.06146218077054477,0.07542194443088016,0.08022398554616925,0.044666731774010995
2004-02-13 19:02:39,0.06008911567947612,0.07585878216709711,0.07877992089457465,0.04440793007470942
2004-02-13 19:12:39,0.05994228233800412,0.07579505835245859,0.0809704087113625,0.043320279310511974
2004-02-13 19:22:39,0.059244592021094326,0.0739043410322765,0.07851184139850569,0.04287225938766413
2004-02-13 19:32:39,0.06038400312515201,0.07593886420235334,0.07867410518091682,0.044085160408221725
2004-02-13 19:42:39,0.06047419307583326,0.07488895942184629,0.0777411006396796,0.04424737536012368
2004-02-13 19:52:39,0.06216949069778774,0.07611196835782931,0.07955881634845359,0.04398564383026352
2004-02-13 20:02:39,0.06053152009375401,0.07489555154060205,0.07781190487816728,0.04408027735729164
2004-02-13 20:12:39,0.06018555593534807,0.07594457737194163,0.07937365105717994,0.043319839835927854
2004-02-13 20:22:39,0.06093783876165799,0.07568948679134727,0.07927862688607802,0.04448859807607653
2004-02-13 20:32:39,0.05973260413106074,0.07436398261633852,0.0780520044924068,0.04423741393622605
2004-02-13 20:42:39,0.05966687826553973,0.07520718785096893,0.07732477171736887,0.04350988817813225
2004-02-13 20:52:39,0.05973997753796535,0.07457053567068683,0.07785238537037896,0.04391879486302905
2004-02-13 21:02:39,0.06089130328629302,0.07587172225206283,0.07716924654524134,0.044325650666534974
2004-02-13 21:12:39,0.060448312905902954,0.0760859905268806,0.07755891400947303,0.04485468040431529
2004-02-13 21:22:39,0.06067039406220952,0.07389311001513708,0.07586869476048629,0.04314107134137213
2004-02-13 21:32:39,0.05993666682943473,0.07388637140485314,0.07722393671565983,0.043312954734116435
2004-02-13 21:42:39,0.06166609697739078,0.07586893891303241,0.07893642267688852,0.04481293031886194
2004-02-13 21:52:39,0.060856389472141406,0.07540802773572923,0.07964368377362124,0.044140143561696085
2004-02-13 22:02:39,0.060806533522144164,0.07471536696127777,0.07854602275501753,0.04294423555837519
2004-02-13 22:12:39,0.06198134674544577,0.07591732994775056,0.08054997802627101,0.044798964793201425
2004-02-13 22:22:39,0.061027931051320476,0.07502705210215357,0.07840026368474998,0.04476532057229202
2004-02-13 22:32:39,0.060547341178768234,0.07524771717368942,0.07723174959714839,0.04476307436886455
2004-02-13 22:42:39,0.06128521900483403,0.07549699692367746,0.07961497143415196,0.04407319693344262
2004-02-13 22:52:39,0.06117046730797374,0.07468748474046513,0.07720601591874576,0.04407651740807549
2004-02-13 23:02:39,0.06174017286000256,0.07579437472532777,0.0784350798378817,0.04443034327847917
2004-02-13 23:12:39,0.06118252844377126,0.07475408955515338,0.07665667268909619,0.04377879779285975
2004-02-13 23:22:39,0.06083382977684378,0.07484340055666695,0.07778700131842332,0.04409004345915189
2004-02-13 23:32:39,0.0598276771326722,0.07488895942184651,0.07778329019971668,0.043488158601492875
2004-02-13 23:42:39,0.061063284340055306,0.0746377264514866,0.0779640607451534,0.04344767810928115
2004-02-13 23:52:39,0.0610013184237503,0.07412778944284357,0.07817281117242011,0.0436820645539319
2004-02-14 00:02:39,0.060415987108744976,0.07430914595439252,0.07807139020459954,0.04403994335660778
2004-02-14 00:12:39,0.059961521558669725,0.07468025782508844,0.07795102299916984,0.04355774207724863
2004-02-14 00:22:39,0.060195859172810826,0.0749798329996575,0.0776275208750426,0.04455652131451597
2004-02-14 00:32:39,0.06152536744958229,0.07555281019580956,0.07733111968357846,0.04391317935445941
2004-02-14 00:42:39,0.061171541579178194,0.07546174129596196,0.07898994091508302,0.04450324722886725
2004-02-14 00:52:39,0.06085853801455082,0.07505034425509008,0.07607031593339542,0.044690902876116066
2004-02-14 01:02:39,0.06123966013965461,0.07474940182626078,0.07907500366228795,0.04527682015723286
2004-02-14 01:12:39,0.06000918013574846,0.07506470042482505,0.07519776356267382,0.043814737047706366
2004-02-14 01:22:39,0.06150090336442142,0.075196005664338,0.078566531568924,0.04540646515943038
2004-02-14 01:32:39,0.060511792567995874,0.07535734166707282,0.07639420870159666,0.04338419844718855
2004-02-14 01:42:39,0.061437619024365994,0.07477943258948143,0.07651203672054274,0.0440477562380961
2004-02-14 01:52:39,0.061868352946921036,0.07502275501733452,0.07923765808877431,0.04385482689584334
2004-02-14 02:02:39,0.06162332145124253,0.0755955368914491,0.0774445529566873,0.04405327408564758
2004-02-14 02:12:39,0.06088744567605781,0.0751324283412276,0.07792323843937643,0.044743932809217866
2004-02-14 02:22:39,0.06074656965672083,0.07466844084183735,0.0775139411104054,0.04393354167683841
2004-02-14 02:32:39,0.06134835685336152,0.07480008789491649,0.07716275208750369,0.04366575516382495
2004-02-14 02:42:39,0.06020230480003863,0.07375438253820958,0.07785902631964377,0.04396655110112626
2004-02-14 02:52:39,0.060879046828457406,0.07506074515357161,0.08003530445822528,0.04515200937545642
2004-02-14 03:02:39,0.059487621465891496,0.0740199716783048,0.07606084281459011,0.04387279652326649
2004-02-14 03:12:39,0.06062649543434699,0.07596152155866957,0.07700385761023441,0.04399799794911709
2004-02-14 03:22:39,0.061269251428291815,0.07537438351482009,0.07968533619805623,0.04442160261731413
2004-02-14 03:32:39,0.059714683334146514,0.07554831778895486,0.08025958298745016,0.04459539039992064
2004-02-14 03:42:39,0.060784413301430563,0.0752814102251084,0.0769803701352603,0.0447908589286578
2004-02-14 03:52:39,0.06006308901801825,0.07486420235363048,0.08095009521949285,0.04478455979295727
2004-02-14 04:02:39,0.06012935201914105,0.0760384296108206,0.0778844670149908,0.04447263049953519
2004-02-14 04:12:39,0.05982992333610008,0.07448488695737103,0.0764506567703496,0.04397221544020585
2004-02-14 04:22:39,0.05994384491430178,0.07569461399482413,0.07683929879388633,0.04433072903950257
2004-02-14 04:32:39,0.061770496606279084,0.07520474632550392,0.07829034620831053,0.04390907759167779
2004-02-14 04:42:39,0.06061829190878409,0.07475731236876786,0.07776532057229299,0.04384144733629424
2004-02-14 04:52:39,0.06033282875140294,0.07493090482933734,0.07838541920992144,0.044327506225888574
2004-02-14 05:02:39,0.06055393329752407,0.0755727818741146,0.07812974266321535,0.044465061770593166
2004-02-14 05:12:39,0.06046589188925195,0.07552512329703576,0.07722808730895063,0.0440058108306054
2004-02-14 05:22:39,0.06080243175936288,0.0754108599052685,0.07755310317886617,0.04478748962351541
2004-02-14 05:32:39,0.05950158699155209,0.07415132574832725,0.07655700961961028,0.04358855412861847
2004-02-14 05:42:39,0.06172947897846555,0.07619288051174374,0.07889750476097471,0.043793007471066576
2004-02-14 05:52:39,0.06114287807021822,0.07547477904194524,0.0777448117583872,0.04441496166804907
2004-02-14 06:02:39,0.061066067679085796,0.0754099321255917,0.07711948825626207,0.04393979198202947
2004-02-14 06:12:39,0.061126129205526986,0.07449963377117949,0.07776092582645643,0.04427281605546999
2004-02-14 06:22:39,0.05973572928365598,0.07398408125396742,0.07868899848625348,0.04321978612236769
2004-02-14 06:32:39,0.05989345182870183,0.0751318912056253,0.077934029981933,0.04352414668684813
2004-02-14 06:42:39,0.061932858049708994,0.074400166023731,0.07837067239611244,0.044058987255235646
2004-02-14 06:52:39,0.06150510278822212,0.07512539674788793,0.0765549587382191,0.043803701352603516
2004-02-14 07:02:39,0.06124830313980119,0.07546452463499177,0.07843688656672651,0.04472029884271543
2004-02-14 07:12:39,0.061626104790272446,0.07490907759167842,0.07957790907759134,0.043944772693977965
2004-02-14 07:22:39,0.059835538844669856,0.07504653547536484,0.07857038917915929,0.04393090482933613
2004-02-14 07:32:39,0.06017232286732718,0.07479432589481876,0.07725430929244542,0.044604082230576436
2004-02-14 07:42:39,0.06105849895014326,0.07486893891303299,0.07751237853410847,0.04320010742711892
2004-02-14 07:52:39,0.06151745690707538,0.07474847404658416,0.07631251525953438,0.04490097172713359
2004-02-14 08:02:39,0.060232775037843134,0.07495370867718133,0.07716035939254817,0.043798134674543285
2004-02-14 08:12:39,0.061497094584696356,0.0746253723326333,0.07898745055910945,0.04415694125689593
2004-02-14 08:22:39,0.06152824844963106,0.07492279896479286,0.07754958738219626,0.04462517701059474
2004-02-14 08:32:39,0.06209185018799684,0.07499672835587612,0.07779623028468168,0.044119048781677515
2004-02-14 08:42:39,0.060523072415644606,0.07462937643439599,0.07594208701596751,0.04377728404707081
2004-02-14 08:52:39,0.061782167098002425,0.07448786561843788,0.07652873675472471,0.044126715171637736
2004-02-14 09:02:39,0.060193905952438516,0.07424034376678439,0.07496977391474177,0.04391679281214739
2004-02-14 09:12:39,0.06121802822403413,0.07487660530299299,0.0767705942672977,0.043947556033008
2004-02-14 09:22:39,0.06075311294496784,0.07394491918550689,0.07776195126715112,0.04390722203232443
2004-02-14 09:32:39,0.06048308022852648,0.07282421016651139,0.07733126617510579,0.0434305386005164
2004-02-14 09:42:39,0.061141901460031615,0.07424219932613843,0.07856672689096139,0.043563699399383364
2004-02-14 09:52:39,0.06159543923043116,0.07506167293324857,0.07709658674740016,0.04441911226133945
2004-02-14 10:02:39,0.05991972264270654,0.07406972996728281,0.07582445431905808,0.04387265003173858
2004-02-14 10:12:39,0.06099589823721819,0.07573328775819065,0.0776329410615752,0.043547878314369556
2004-02-14 10:22:39,0.05991415596464591,0.07396367010107847,0.0765783973826842,0.04357390497582731
2004-02-14 10:32:39,0.06079999023389773,0.07574569070755383,0.07817119976561357,0.044194833732114226
2004-02-14 10:42:39,0.06012417598515514,0.07433380536158929,0.07587675179452132,0.04382367303090829
2004-02-14 10:52:39,0.06085687777723483,0.0757860247082371,0.07655368914497733,0.044388593193025794
2004-02-14 11:02:39,0.06017642463010866,0.07368255285902531,0.07877171736901199,0.044275404072463435
2004-02-14 11:12:39,0.061315103276526665,0.0751551833585625,0.08028512134381544,0.04510107915425444
2004-02-14 11:22:39,0.06054670638214751,0.07458508716245849,0.08114693100249047,0.045276038869084066
2004-02-14 11:32:39,0.06140490258313344,0.07510781776453886,0.07777147321646585,0.04475994921626895
2004-02-14 11:42:39,0.06031285707309821,0.07414898188388097,0.07788832462522627,0.04462537233263236
2004-02-14 11:52:39,0.06176009570779778,0.07426041310610844,0.07789921382879991,0.04464798085843886
2004-02-14 12:02:39,0.0609932613897158,0.07558513599296789,0.08157961814541717,0.04396811367742443
2004-02-14 12:12:39,0.06078329019971649,0.07511455637482287,0.07885712192978162,0.04505083256018221
2004-02-14 12:22:39,0.06141603593925438,0.07461106499340778,0.07801201230528787,0.04386483715025022
2004-02-14 12:32:39,0.062450168465256646,0.07529527808975021,0.07812656868011122,0.04441076224424895
2004-02-14 12:42:39,0.05945954392304258,0.07492167586307898,0.0788743590995651,0.043690170418475935
2004-02-14 12:52:39,0.06073528980907253,0.07411641193417653,0.07691659749011155,0.04458401289125316
2004-02-14 13:02:39,0.05992299428683023,0.07451003466966148,0.07786117486205378,0.04350520044923905
2004-02-14 13:12:39,0.06183763855656997,0.07426534498754783,0.0773124664290248,0.044158601494212156
2004-02-14 13:22:39,0.06068782655403061,0.07405630157722523,0.07536163875189164,0.044245666292298015
2004-02-14 13:32:39,0.061265784462131476,0.07434440158210825,0.07591903901557659,0.0441429269007265
2004-02-14 13:42:39,0.0608179598613208,0.0753383954294637,0.07693085599882796,0.04396323062649418
2004-02-14 13:52:39,0.05999443332193989,0.07371702719859304,0.07646774744860567,0.04402343864446384
2004-02-14 14:02:39,0.06110410664583208,0.07458186434884491,0.07541164119341774,0.04496576981297797
2004-02-14 14:12:39,0.06157493041652344,0.07598373944040193,0.07900302749157674,0.044229015088625964
2004-02-14 14:22:39,0.06203056789882297,0.07579779286097901,0.07846740563504034,0.044361736412909254
2004-02-14 14:32:39,0.06157703012842401,0.074336735192148,0.07424439669905727,0.043741930758336565
2004-02-14 14:42:39,0.06044855705844983,0.074342253039699,0.07514566140924778,0.044547194687239715
2004-02-14 14:52:39,0.06138986278626825,0.07482679818350517,0.0771136285951467,0.044199667952535125
2004-02-14 15:02:39,0.060816836759606606,0.07403242345817637,0.07729405732701804,0.04310537623907267
2004-02-14 15:12:39,0.061808877386591,0.07470384296108126,0.07638913032862893,0.04378392499633643
2004-02-14 15:22:39,0.06015425557888571,0.0738788515064205,0.07736471507397809,0.043659260706087805
2004-02-14 15:32:39,0.06073934274134433,0.0744392304311733,0.07704751208555076,0.04380003906440618
2004-02-14 15:42:39,0.06031227110698747,0.07433297524293131,0.07573338541921022,0.043262512818007304
2004-02-14 15:52:39,0.061463694516333316,0.07450715366961286,0.07753747741588886,0.0439370086429987
2004-02-14 16:02:39,0.06158816348454425,0.07337492065042181,0.0775631622637824,0.04407637091654729
2004-02-14 16:12:39,0.060123150544460366,0.07559841789149822,0.07610737828995555,0.04431139215781896
2004-02-14 16:22:39,0.061394599345670806,0.07412969383270653,0.07672313101225664,0.04413159822256814
2004-02-14 16:32:39,0.06144567605840116,0.07515093510425325,0.07724161336002752,0.043967967185896135
2004-02-14 16:42:39,0.06029903803896619,0.0744552956687332,0.07738400312515223,0.04386752282826148
2004-02-14 16:52:39,0.061686556960788404,0.07524791249572675,0.0763228673275059,0.04396567215195896
2004-02-14 17:02:39,0.059883929879388204,0.07389481908296275,0.07854411836515361,0.044592460569362335
2004-02-14 17:12:39,0.06139992187118506,0.07527711314028988,0.07783260901411135,0.04399975584745171
2004-02-14 17:22:39,0.06159714829825679,0.0750058108306065,0.07635792763318493,0.04387626348942684
2004-02-14 17:32:39,0.06106089164509919,0.07420713902045932,0.07661204160359378,0.044145221934663643
2004-02-14 17:42:39,0.06034874749743618,0.07465828409590226,0.07744762927877341,0.04388368572684102
2004-02-14 17:52:39,0.05919727525758079,0.07445221934664743,0.07575892377557512,0.04450490746618337
2004-02-14 18:02:39,0.059458664973875246,0.07406631183163226,0.07527472044533404,0.04364441623126017
2004-02-14 18:12:39,0.060335758581961656,0.07416426583329241,0.07707104839103421,0.043111040578151745
2004-02-14 18:22:39,0.06131441964939724,0.07453567068704502,0.07630924361541054,0.043953659846670635
2004-02-14 18:32:39,0.059259192343375254,0.07471653889350037,0.07641501049855885,0.04420030274915642
2004-02-14 18:42:39,0.06238400312515228,0.07551794521216809,0.07792040626983739,0.04434947995507466
2004-02-14 18:52:39,0.061405928023828826,0.07477850480980446,0.07777767469114648,0.0447013526051063
2004-02-14 19:02:39,0.0619362273548509,0.07469310024903515,0.07734860100590867,0.04378578055569001
2004-02-14 19:12:39,0.06097285023682763,0.07502060647492523,0.07651550368670341,0.04483568533619659
2004-02-14 19:22:39,0.060815957810439664,0.07455764441623045,0.0755071536696125,0.043418623956246294
2004-02-14 19:32:39,0.06048298256750728,0.07414932369744569,0.07646652668587287,0.0438801210996619
2004-02-14 19:42:39,0.060903755066165174,0.07423970897016477,0.0780356462717899,0.043949509253380065
2004-02-14 19:52:39,0.06031993749694785,0.0722258899360319,0.07657312368767959,0.04435387470091151
2004-02-14 20:02:39,0.061468284584207625,0.07432506470042403,0.07799003857610197,0.0443770203623209
2004-02-14 20:12:39,0.06038288002343871,0.07439264612529865,0.07822886859709946,0.044045021729574946
2004-02-14 20:22:39,0.06199282191513209,0.07410645051027856,0.07753098295815113,0.04438244054885359
2004-02-14 20:32:39,0.060784120318374324,0.07299506811856042,0.07616333805361536,0.044416914888421
2004-02-14 20:42:39,0.06076195126715137,0.07372010352067919,0.07565457297719634,0.04315723423995164
2004-02-14 20:52:39,0.05958762634894222,0.07294799550759327,0.07580243175936317,0.04292900043947345
2004-02-14 21:02:39,0.060476146296205534,0.07341813565115457,0.077524537330924,0.04409272913716393
2004-02-14 21:12:39,0.06076654133502527,0.074543971873626,0.07843459153278978,0.0441347233751635
2004-02-14 21:22:39,0.06055119878900283,0.07470091313052372,0.0761223204258016,0.04412725230724036
2004-02-14 21:32:39,0.0611518140534199,0.07454397187362635,0.07646613604179991,0.044148298256749735
2004-02-14 21:42:39,0.05999912105083264,0.07450505395771244,0.07451398994091467,0.04401543044093809
2004-02-14 21:52:39,0.061824649641095464,0.07521055715611058,0.07773314126666322,0.043693002588015555
2004-02-14 22:02:39,0.0615808389081492,0.07474891352116764,0.07702514771229062,0.04415113042628881
2004-02-14 22:12:39,0.06012114849357851,0.07433776063284314,0.07719820303725719,0.043744811758385224
2004-02-14 22:22:39,0.060929781727622714,0.07476248840275343,0.07607060891645041,0.04374744860588742
2004-02-14 22:32:39,0.06042311636310329,0.07419385712192925,0.07716978368084311,0.04353713560232307
2004-02-14 22:42:39,0.05945231700766582,0.0731453684261916,0.0747771863860536,0.04335587675179307
2004-02-14 22:52:39,0.06060222667122385,0.07354382538209885,0.0766136041798913,0.04395995898237063
2004-02-14 23:02:39,0.06134454807363588,0.0741005908491618,0.07726954441134778,0.044405000244151116
2004-02-14 23:12:39,0.06122042091898999,0.07449177205918177,0.07816748864690624,0.04451311099174619
2004-02-14 23:22:39,0.060433663753112404,0.07491982030372567,0.07755759558572181,0.043832071878508266
2004-02-14 23:32:39,0.060962254016308844,0.07420674837638469,0.07661614336637473,0.044257776258604935
2004-02-14 23:42:39,0.06100610381366277,0.07480863323404395,0.07914990966355792,0.04415908979930537
2004-02-14 23:52:39,0.060592118755798376,0.07410376483226665,0.07568045314712582,0.043240587919330636
2004-02-15 00:02:39,0.06161145563748171,0.07401484447482759,0.07642082132916607,0.04376864104692477
2004-02-15 00:12:39,0.05973978221592835,0.07379168904731667,0.07682240343766797,0.043598906196590216
2004-02-15 00:22:39,0.05927110698764568,0.07453737975487028,0.07442204209189851,0.0443628106841142
2004-02-15 00:32:39,0.05979989257287959,0.07396142389765128,0.07621656330875454,0.04394023145661306
2004-02-15 00:42:39,0.06127218125885023,0.0735995898237215,0.07682518677669757,0.04404594950925189
2004-02-15 00:52:39,0.06143688656672614,0.07438493090482913,0.076194931393134,0.04355027100932485
2004-02-15 01:02:39,0.06003164217002735,0.0744715562283311,0.07934391327701527,0.043581522535278555
2004-02-15 01:12:39,0.0613802920064451,0.07468626397773272,0.07630709507300093,0.04530020997118875
2004-02-15 01:22:39,0.06080501977635583,0.07403989452609953,0.0752948874456758,0.04410991747643818
2004-02-15 01:32:39,0.060475072025000805,0.07332125592069892,0.07552673470384284,0.04383939645490399
2004-02-15 01:42:39,0.05992963523609524,0.0742341911226122,0.07569412568973057,0.04344250207529512
2004-02-15 01:52:39,0.06177425655549482,0.07341203183749173,0.07717032081644581,0.04347536500805573
2004-02-15 02:02:39,0.061135016358219926,0.07477469603007926,0.08004682845842087,0.04436212705698403
2004-02-15 02:12:39,0.0611203672054294,0.0730999560525418,0.07721714927486655,0.04395756628741533
2004-02-15 02:22:39,0.060758630792518815,0.07448737731334493,0.07856887543337089,0.04318477464719798
2004-02-15 02:32:39,0.059352263294106075,0.07282045021729541,0.07804160359392527,0.04332618780213753
2004-02-15 02:42:39,0.0604542702280382,0.07503940622100647,0.07728565847941755,0.04446100883832067
2004-02-15 02:52:39,0.060123980663117985,0.07376121880951222,0.07758293862004939,0.04332491820889539
2004-02-15 03:02:39,0.05987289418428525,0.07276058401289112,0.07561399482396619,0.04478446213193869
2004-02-15 03:12:39,0.05921177791884308,0.0747078958933536,0.07658494067093133,0.04351760339860211
2004-02-15 03:22:39,0.06146745446554954,0.07343327310903817,0.07821861419014596,0.04442902485472798
2004-02-15 03:32:39,0.06161848723082146,0.07464470921431682,0.07599975584745328,0.04427760144538163
2004-02-15 03:42:39,0.06125391864837106,0.07375072025001181,0.07713574881586026,0.04365105718052497
2004-02-15 03:52:39,0.06140783241369201,0.07550168465257014,0.07806543288246465,0.04426451486888878
2004-02-15 04:02:39,0.06224415254651058,0.07488475999804632,0.07742292104106609,0.04331007373406753
2004-02-15 04:12:39,0.06187279652326741,0.07507993554372733,0.07688920357439298,0.04377674691146881
2004-02-15 04:22:39,0.06089452609990644,0.07432574832755491,0.07666233702817482,0.04426378241124916
2004-02-15 04:32:39,0.06062869280726585,0.0748607842179791,0.07718213779969653,0.04410967332389164
2004-02-15 04:42:39,0.06167019874017289,0.07392255481224595,0.07662063577323079,0.04378255774207543
2004-02-15 04:52:39,0.058805459250939704,0.07312974266321583,0.07420801796962703,0.04335748815860001
2004-02-15 05:02:39,0.060977244982664644,0.07406045217051552,0.07859514624737542,0.04369944821524355
2004-02-15 05:12:39,0.06090194833732058,0.07416675618926673,0.07702338981395596,0.04389774891351989
2004-02-15 05:22:39,0.0594300014649144,0.07310605986620426,0.07547829483861515,0.043438107329458325
2004-02-15 05:32:39,0.06044279505835193,0.07449333463548015,0.07761887787489628,0.04321915132574688
2004-02-15 05:42:39,0.05829293422530378,0.0726448068753356,0.07392846330387172,0.04350373553396004
2004-02-15 05:52:39,0.0608308511157771,0.0734871331607981,0.07521338932565028,0.04423790224131878
2004-02-15 06:02:39,0.06045905561794984,0.07384340055666737,0.07690981004931878,0.04440822305776515
2004-02-15 06:12:39,0.060355437277210634,0.07466668294350337,0.07570594267298193,0.04342360466819544
2004-02-15 06:22:39,0.060025538356364476,0.07251540602568422,0.075792226182919,0.043639191366764155
2004-02-15 06:32:39,0.06029894037794776,0.07362879046828412,0.0780364275599389,0.04335265393817894
2004-02-15 06:42:39,0.059979735338638915,0.07331896088676175,0.07672791640216829,0.044674886469064576
2004-02-15 06:52:39,0.06074046584305815,0.0731291078665945,0.07670032716441202,0.0436972020118156
2004-02-15 07:02:39,0.06074906001269524,0.07522315542751094,0.07651882416133532,0.04431627520874918
2004-02-15 07:12:39,0.060092924459201835,0.07395336686361641,0.07659885736608196,0.043559939450166923
2004-02-15 07:22:39,0.06008594169637151,0.07214038771424329,0.0753126617510617,0.04418897407099809
2004-02-15 07:32:39,0.06069407685922127,0.07408706479808565,0.07758142487426103,0.043647639044873884
2004-02-15 07:42:39,0.06073099272425376,0.07399394501684596,0.07720728551198752,0.04392690072757318
2004-02-15 07:52:39,0.060631036671712164,0.07376444162312637,0.07684940670931185,0.043332340446309514
2004-02-15 08:02:39,0.06134586649738724,0.07381722740368157,0.07601728600029233,0.043955320083987184
2004-02-15 08:12:39,0.06061565506128189,0.07312842423946495,0.07669480931686086,0.04438219639630726
2004-02-15 08:22:39,0.060358660090824516,0.0731029835441184,0.07549177205918216,0.04301792079691219
2004-02-15 08:32:39,0.06016411934176473,0.07440407246447615,0.07767801162166107,0.044458079007762795
2004-02-15 08:42:39,0.061543239415986745,0.07454367889057026,0.07686747399775341,0.04386879242150313
2004-02-15 08:52:39,0.060791933199862744,0.07352277943258963,0.07693442062600667,0.04400190438986165
2004-02-15 09:02:39,0.06059973631524934,0.07446735680453115,0.07829322720835967,0.0436922212998668
2004-02-15 09:12:39,0.06027403681820388,0.07415948044338053,0.07568367596073977,0.0437708872503528
2004-02-15 09:22:39,0.06124644758044773,0.07474154011426323,0.07780287123394665,0.04433268225987431
2004-02-15 09:32:39,0.060658088773864895,0.07384545143805801,0.07642565554958758,0.04421089896967506
2004-02-15 09:42:39,0.06050788612725197,0.0735268811953707,0.07737858293861954,0.04325152595341426
2004-02-15 09:52:39,0.05987933981151403,0.07367449582499132,0.07638468675228295,0.04504775623809651
2004-02-15 10:02:39,0.06068577567263906,0.07463176912935146,0.07723438644465032,0.04417574100297745
2004-02-15 10:12:39,0.061259241173885176,0.07382469847160472,0.07636974461643607,0.043861711997654776
2004-02-15 10:22:39,0.06123868352946887,0.07384589091264203,0.07625792275013414,0.04389198691342212
2004-02-15 10:32:39,0.06095912886371345,0.07449846183895618,0.07628932076761569,0.04322921041066316
2004-02-15 10:42:39,0.06030738805605735,0.07322667122418085,0.0751885834269251,0.04328033595390258
2004-02-15 10:52:39,0.06128863714048466,0.07410649934078749,0.07694584696518343,0.043786122369255005
2004-02-15 11:02:39,0.061655647248400725,0.07475999804677966,0.07606958347575547,0.04354768299233208
2004-02-15 11:12:39,0.06057410029786552,0.07373392255481175,0.07833497729381331,0.04499028272864765
2004-02-15 11:22:39,0.060179842765759516,0.07293041652424322,0.07664876214658879,0.04353664729722981
2004-02-15 11:32:39,0.06155520289076509,0.07498823184725782,0.07493290688021813,0.04454690170418314
2004-02-15 11:42:39,0.06178905219981433,0.0737548708433023,0.076192050393086,0.04405156501782179
2004-02-15 11:52:39,0.06081747155622745,0.07414507544313682,0.07823726744469973,0.04364021680745984
2004-02-15 12:02:39,0.06125118413985012,0.07396127740612315,0.07584344938717708,0.043485961228574274
2004-02-15 12:12:39,0.060541676839689175,0.07348708433028933,0.07608237706919249,0.04393993847355679
2004-02-15 12:22:39,0.0605253186190724,0.07438283119292848,0.07814234093461579,0.044174422579226394
2004-02-15 12:32:39,0.06092011328678128,0.07333932320914094,0.07763743346843117,0.04291479076126601
2004-02-15 12:42:39,0.06178880804726749,0.0742046486644854,0.07959539039992175,0.0443179354460655
2004-02-15 12:52:39,0.06165247326529593,0.07433151032765209,0.07582626104790226,0.04374280970750393
2004-02-15 13:02:39,0.061666878265539495,0.07404306850920415,0.07644860588895896,0.044802773572926884
2004-02-15 13:12:39,0.05993232091410663,0.07405088139069267,0.0755018799746078,0.0440205576444152
2004-02-15 13:22:39,0.059951804287318444,0.07397431515210705,0.07682460081058635,0.04349030714390218
2004-02-15 13:32:39,0.060586845060793405,0.0744443088041406,0.07707949606914369,0.044251086478830415
2004-02-15 13:42:39,0.06208257239122976,0.0745791298403245,0.07746423165193585,0.043865667268908254
2004-02-15 13:52:39,0.060754480199227655,0.07431905854778013,0.07703452317007627,0.04308183993358911
2004-02-15 14:02:39,0.06205273695004603,0.07425562771619636,0.07787064798085745,0.04390067874407784
2004-02-15 14:12:39,0.062128668392010755,0.07408452561160195,0.07745265882123087,0.04401709067825434
2004-02-15 14:22:39,0.06188183016748806,0.07368426192685182,0.07590297377801643,0.04432584598857217
2004-02-15 14:32:39,0.061169588358806225,0.07376136530103962,0.07465388935006519,0.044231358953072585
2004-02-15 14:42:39,0.06083549001416041,0.07423121246154553,0.07612442013770176,0.04387831437081713
2004-02-15 14:52:39,0.06280799843742328,0.07503432784803948,0.0769534156941254,0.04490170418477339
2004-02-15 15:02:39,0.062003125152595075,0.07381288148835397,0.0781602129010205,0.04457961814541607
2004-02-15 15:12:39,0.06161619219688441,0.07464680892621703,0.07616407051125496,0.0443149567849976
2004-02-15 15:22:39,0.06251682211045471,0.07502363396650213,0.08041618243078177,0.04511719322232394
2004-02-15 15:32:39,0.061453147126323875,0.07521846769861762,0.07820572293569,0.044071048391033485
2004-02-15 15:42:39,0.06086771815030005,0.0734087113628594,0.07655652131451722,0.044134576883635736
2004-02-15 15:52:39,0.06103637872942951,0.07396254699936505,0.07629659651350128,0.04332389276820008
2004-02-15 16:02:39,0.06000351579666902,0.07307300161140642,0.07512300405293212,0.04366512036720384
2004-02-15 16:12:39,0.06114141315493926,0.07430709507300136,0.07846887055032038,0.04338107329459304
2004-02-15 16:22:39,0.06039860344743376,0.07255544704331217,0.07680331070853082,0.043618877874894685
2004-02-15 16:32:39,0.0616315249768049,0.07414995849406651,0.0786360662141705,0.044419942379997676
2004-02-15 16:42:39,0.05966228819766515,0.0731588944772694,0.07595190194833679,0.04286893891303155
2004-02-15 16:52:39,0.060506421211973034,0.0742156843595875,0.07798608330484806,0.04382440548854814
2004-02-15 17:02:39,0.06094574930416464,0.07436593583671061,0.0759337369988768,0.04454895258557423
2004-02-15 17:12:39,0.06173465501245126,0.07394242882953277,0.07614116900239229,0.04350407734752534
2004-02-15 17:22:39,0.059966599931636964,0.07244289271937084,0.07627281605547101,0.04452736950046248
2004-02-15 17:32:39,0.062058401289125216,0.07486102837052513,0.07609028761169909,0.0435311782801882
2004-02-15 17:42:39,0.06135924605693603,0.07338971629474074,0.07730094242882922,0.043579227501341584
2004-02-15 17:52:39,0.06073221348698645,0.07393774110063939,0.07726358708921269,0.043670540553736266
2004-02-15 18:02:39,0.06109678206943649,0.0729193808291422,0.07617828018946243,0.04435426534498628
2004-02-15 18:12:39,0.060688754333707226,0.0736636066214166,0.07734996826016836,0.043163826358707295
2004-02-15 18:22:39,0.06117647346061781,0.0739961423897649,0.07856936373846383,0.043382245226816184
2004-02-15 18:32:39,0.05951179256799549,0.07290854045607702,0.07654514380585052,0.04348205478782981
2004-02-15 18:42:39,0.060447775770300624,0.07355412861956118,0.07699404267786514,0.04371199765613416
2004-02-15 18:52:39,0.06021744225792232,0.07448112700815436,0.07576463694516336,0.04392279896479178
2004-02-15 19:02:39,0.0595485619415006,0.07352443966990532,0.07633639337858282,0.044298793886418594
2004-02-15 19:12:39,0.06059861321353522,0.07285170174324873,0.07708569754382485,0.04358044826407408
2004-02-15 19:22:39,0.06019649396943155,0.07402548952585515,0.0766459299770493,0.043656233214510856
2004-02-15 19:32:39,0.06028639093705722,0.07258508716245862,0.07642677865130108,0.04394086625323353
2004-02-15 19:42:39,0.059934225303969475,0.0730573270179208,0.0766408027735725,0.04427476927584194
2004-02-15 19:52:39,0.06180467796279048,0.07444201377020382,0.07739708970164526,0.044164217002782086
2004-02-15 20:02:39,0.059112847306997375,0.07328985790321776,0.07533199863274519,0.04348474046584166
2004-02-15 20:12:39,0.05939796865081314,0.0732308218174713,0.07581429757312312,0.04277679574197817
2004-02-15 20:22:39,0.06097895405049041,0.07303379071243685,0.07600864300014659,0.044228868597098125
2004-02-15 20:32:39,0.06108335367937843,0.07304995361101572,0.07606557937399296,0.04446555007568571
2004-02-15 20:42:39,0.06146213194003571,0.07340651398994126,0.07582626104790274,0.04406157527222859
2004-02-15 20:52:39,0.060133307290394615,0.07329430147956383,0.07382792128521881,0.043316275208749117
2004-02-15 21:02:39,0.061264368377361586,0.07311338444259986,0.07496293764344027,0.0435091557204929
2004-02-15 21:12:39,0.060780262708139736,0.07312202744274574,0.07665340104497306,0.04446110649933949
2004-02-15 21:22:39,0.061646760095707714,0.07413560232433161,0.07757527223008916,0.04488851994726153
2004-02-15 21:32:39,0.06071077689340248,0.07424884027540408,0.07672845353777011,0.04343117339713735
2004-02-15 21:42:39,0.06045949509253321,0.07307148786561768,0.07812324820547854,0.043074857170758804
2004-02-15 21:52:39,0.059831876556472166,0.07228751403877093,0.07514014356169697,0.04388309976072875
2004-02-15 22:02:39,0.061133844425996856,0.0736255676546696,0.07562825333268233,0.04373275062258757
2004-02-15 22:12:39,0.061452268177156585,0.07331075736119887,0.07727931051320845,0.0437652717417828
2004-02-15 22:22:39,0.061099760730504396,0.07463714048537551,0.077050783729674,0.04368865667268775
2004-02-15 22:32:39,0.06256033009424242,0.07450358904243366,0.0771716392401976,0.04461863372234834
2004-02-15 22:42:39,0.06139044875237955,0.07439723619317291,0.07745622344841019,0.04410273939157053
2004-02-15 22:52:39,0.061978856389471336,0.0737196640460952,0.07619957029151744,0.04426842130963293
2004-02-15 23:02:39,0.06238961863372181,0.07465930953659823,0.07763714048537494,0.04416524244347739
2004-02-15 23:12:39,0.06248474046584236,0.0741574295619899,0.07673021143610519,0.043697104350796996
2004-02-15 23:22:39,0.061558474534888975,0.07454909907710307,0.07646843107573557,0.04400971727134969
2004-02-15 23:32:39,0.06118794863030402,0.0740231944919189,0.07637111187069676,0.043784169148882744
2004-02-15 23:42:39,0.06132272083597775,0.07332511353093416,0.07932423458176656,0.04331617754773036
2004-02-15 23:52:39,0.06416250793495751,0.07446403632989829,0.07792387323599778,0.04451921480540917
2004-02-16 00:02:39,0.06075096440255821,0.07368641046926057,0.077032618780214,0.04421099663069319
2004-02-16 00:12:39,0.06164304897700018,0.07259441378973558,0.07642570438009649,0.044189364715072524
2004-02-16 00:22:39,0.0609110308120511,0.0735547634161822,0.07708784608623412,0.04440319351530732
2004-02-16 00:32:39,0.06163699399384719,0.07298969676253685,0.07663513843449377,0.04363152497680416
2004-02-16 00:42:39,0.06112427364617382,0.07398574149128383,0.0777801650471215,0.043752722300892166
2004-02-16 00:52:39,0.059525904585184454,0.07318091703696436,0.07712246691732995,0.043032618780212493
2004-02-16 01:02:39,0.06153181307681014,0.07351516187313821,0.07627535524195472,0.043682845842080605
2004-02-16 01:12:39,0.06203916206846001,0.07362000097660971,0.07782342887836338,0.04407246447580322
2004-02-16 01:22:39,0.06009375457785976,0.07307109722154329,0.07626173152985923,0.043243664241416534
2004-02-16 01:32:39,0.06156760584012854,0.07310503442550874,0.07675994921626987,0.044151814053419294
2004-02-16 01:42:39,0.06280418965769771,0.0741795497827032,0.07914243859563465,0.04483314614971305
2004-02-16 01:52:39,0.0626553542653446,0.07391112847306937,0.07642834122759874,0.04419405244396564
2004-02-16 02:02:39,0.06299672835587611,0.07450783729674247,0.07672415645295161,0.04501723716978227
2004-02-16 02:12:39,0.06149079544899609,0.07350305190683115,0.07686659504858576,0.043878753845401325
2004-02-16 02:22:39,0.06204785389911552,0.07339806631183136,0.07716138483324349,0.04430147956443072
2004-02-16 02:32:39,0.06170252453733046,0.0740298354411833,0.07707080423848803,0.04407456418770366
2004-02-16 02:42:39,0.0612918111235899,0.07210586454416605,0.07698222569461378,0.043572049416473954
2004-02-16 02:52:39,0.06270271985936776,0.07460955124761905,0.077440695346452,0.04479344694565037
2004-02-16 03:02:39,0.06087172225206258,0.0732001562576297,0.07651340397480312,0.04411763269690794
2004-02-16 03:12:39,0.06463557790907694,0.07400732457639565,0.07767137067239555,0.04479432589481777
2004-02-16 03:22:39,0.0662122662239364,0.0748220127935937,0.07753137360222628,0.04472557253771999
2004-02-16 03:32:39,0.06647858782167063,0.07388563894721412,0.07607720103520643,0.04412212510376347
2004-02-16 03:42:39,0.06558025294203787,0.07285770789589285,0.07613325845988567,0.044805312759411006
2004-02-16 03:52:39,0.06541701254944064,0.0743398603447428,0.0757859758777278,0.04449636212705537
2004-02-16 04:02:39,0.06626558914009457,0.07299106401679721,0.077155476341618,0.04446012988915337
2004-02-16 04:12:39,0.06762424923091898,0.07557585819620077,0.07959841789149844,0.04592040626983614
2004-02-16 04:22:39,0.06646887055031993,0.07446828458420808,0.07767273792665613,0.04556286928072538
2004-02-16 04:32:39,0.06513760437521329,0.07387885150642101,0.07836857268421263,0.0443672542604608
2004-02-16 04:42:39,0.06573558279212793,0.07396347477904115,0.07677909077591628,0.044458420821327664
2004-02-16 04:52:39,0.06610923384930824,0.07416265442648523,0.07707256213682288,0.04446091117730231
2004-02-16 05:02:39,0.06715567166365476,0.07367449582499086,0.07767859758777272,0.044635382587038946
2004-02-16 05:12:39,0.0663303383954295,0.07355241955173543,0.07565550075687265,0.04403974803457062
2004-02-16 05:22:39,0.0681329654768298,0.0740114751696854,0.07549665511011347,0.0445631622637811
2004-02-16 05:32:39,0.06658435470481908,0.0730103032374623,0.07675863079251888,0.04456672689096032
2004-02-16 05:42:39,0.06720118169832472,0.0740705600859412,0.07789638165926108,0.04452561160212776
2004-02-16 05:52:39,0.06826768885199432,0.07383744323453234,0.0766605302993305,0.04442746227843026
2004-02-16 06:02:39,0.06850422383905429,0.07511909761218763,0.07700009766101866,0.0445271253479162
2004-02-16 06:12:39,0.06884286342106516,0.07452990868694716,0.07855466575516318,0.0456824551980066
2004-02-16 06:22:39,0.06740421895600342,0.0747923726744468,0.0770850139166947,0.044808730895061724
2004-02-16 06:32:39,0.06704062698373917,0.07353708677181466,0.07674295619903253,0.045429610820839725
2004-02-16 06:42:39,0.06806616534010411,0.0739100542018655,0.07706396796718604,0.044152400019531114
2004-02-16 06:52:39,0.06880394550515119,0.07425958298745008,0.07960188485765823,0.04431017139508636
2004-02-16 07:02:39,0.06929478978465733,0.07326485668245468,0.07652717417842651,0.04467810928267867
2004-02-16 07:12:39,0.06745876263489449,0.07268914497778187,0.07583627130230934,0.04358401289125284
2004-02-16 07:22:39,0.07013501635822028,0.0738654231163633,0.07700771522046872,0.04488056057424515
2004-02-16 07:32:39,0.06724884027540431,0.07315025147712237,0.07408769959470629,0.04446970066897647
2004-02-16 07:42:39,0.06928619561501966,0.07451770105962192,0.0763196445138917,0.04432994775135354
2004-02-16 07:52:39,0.06977787001318334,0.07378231358953094,0.07691625567654635,0.044804775623808676
2004-02-16 08:02:39,0.06872147077493976,0.07408940866253197,0.07654226280580073,0.04440607451535563
2004-02-16 08:12:39,0.06866565750280759,0.07371331607988589,0.07664300014649106,0.04478040919966634
2004-02-16 08:22:39,0.0698163972850235,0.0747516968601975,0.07578197177596467,0.04449323697446044
2004-02-16 08:32:39,0.06780399433566087,0.07346979832999602,0.07716665852824693,0.044139899409149405
2004-02-16 08:42:39,0.06924049025831315,0.07408140045900685,0.07658357341667013,0.0442391230040512
2004-02-16 08:52:39,0.06867493529957475,0.07455119878900257,0.0777074564187705,0.04516768396894234
2004-02-16 09:02:39,0.06817608281654317,0.07313760437521341,0.07644362517701028,0.04416265442648468
2004-02-16 09:12:39,0.06806738610283662,0.07261628985790293,0.07637111187069669,0.04472620733434129
2004-02-16 09:22:39,0.0694182333121734,0.07462835099370123,0.07632540651398974,0.04479466770838279
2004-02-16 09:32:39,0.06905146735680413,0.07377913960642589,0.07840050783729674,0.04393969432101054
2004-02-16 09:42:39,0.07040182626104763,0.07437160017578896,0.07728473069974064,0.044330436056446654
2004-02-16 09:52:39,0.06928775819131787,0.07397197128766012,0.07525372332633351,0.04411582596806348
2004-02-16 10:02:39,0.06865408467210342,0.0736991552321883,0.07929752429317889,0.04424327359734232
2004-02-16 10:12:39,0.07003457200058573,0.07329469212363873,0.07675365008057032,0.0441091361882891
2004-02-16 10:22:39,0.06995234142292021,0.07531876556472519,0.07947985741491247,0.04439015576932339
2004-02-16 10:32:39,0.06878700131842387,0.07418575125738498,0.07667874407930099,0.04425831339420761
2004-02-16 10:42:39,0.06929015088627401,0.07399023389813898,0.07587748425216063,0.04466043263831122
2004-02-16 10:52:39,0.07017188339274331,0.07377889545387928,0.07567522828263124,0.04398373944040137
2004-02-16 11:02:39,0.07107285511987829,0.07528341227599016,0.07610547390009224,0.04573426436837624
2004-02-16 11:12:39,0.07035939254846423,0.07361038136627664,0.07669686019825173,0.044050783729672915
2004-02-16 11:22:39,0.07153068997509589,0.0743297524293174,0.07696381659260688,0.04447736705893723
2004-02-16 11:32:39,0.07035333756531033,0.07325157478392541,0.07581507886127217,0.04436881683675833
2004-02-16 11:42:39,0.07168601982518688,0.07437555544704343,0.0782976707847066,0.04528770936080749
2004-02-16 11:52:39,0.0694957761609451,0.07326920259778269,0.07678329019971618,0.0442564090043447
2004-02-16 12:02:39,0.07038820254895232,0.07362854631573806,0.07542130963425954,0.04443097807509978
2004-02-16 12:12:39,0.07124454319058537,0.07439943356609187,0.07648625421163158,0.045194687240586943
2004-02-16 12:22:39,0.07175076908052136,0.07381068411543489,0.07752995751745696,0.04553991894135343
2004-02-16 12:32:39,0.07019712876605298,0.07378607353874717,0.07617388544362473,0.04435582792128396
2004-02-16 12:42:39,0.07143317544801975,0.07424508032618785,0.07750192880511707,0.04536764490453514
2004-02-16 12:52:39,0.07089066848967168,0.0736325015869913,0.07516245910444791,0.04499794911860802
2004-02-16 13:02:39,0.0701828214268274,0.07354524146686761,0.0758427169295376,0.04398813418623782
2004-02-16 13:12:39,0.07028546315738082,0.07408818789979946,0.07721402412227185,0.044198691342349064
2004-02-16 13:22:39,0.07150046388983786,0.07439083939645472,0.07607964256067193,0.04528477953024938
2004-02-16 13:32:39,0.07205346940768569,0.07477660041994247,0.07684300991259327,0.04518965769812847
2004-02-16 13:42:39,0.07061565506128233,0.07317393427413482,0.07662825333268217,0.044907417354361816
2004-02-16 13:52:39,0.07163987499389585,0.0745274183309727,0.07606328434005585,0.04406758142487335
2004-02-16 14:02:39,0.07123648615655072,0.07488876409980941,0.07863616387518879,0.04443903510913475
2004-02-16 14:12:39,0.07097299672835596,0.07526783534352235,0.07741720787147825,0.044537086771813755
2004-02-16 14:22:39,0.0711750573758485,0.07436647297231277,0.07742038185458193,0.04471707602910165
2004-02-16 14:32:39,0.07121700278333853,0.07402265735631619,0.07847966209287524,0.04495966599931481
2004-02-16 14:42:39,0.07300073245763927,0.07418804629132264,0.07472816055471466,0.044500024415253504
2004-02-16 14:52:39,0.07208608818789905,0.07393276038869075,0.07608359783192503,0.04381595781043835
2004-02-16 15:02:39,0.07154924556863157,0.07463621270569837,0.07673035792763346,0.044629962400506214
2004-02-16 15:12:39,0.07147253283851739,0.07399111284730696,0.07588891059133789,0.044540797890520456
2004-02-16 15:22:39,0.07318809512183164,0.0746679525367449,0.07819004834220425,0.0441910249523893
2004-02-16 15:32:39,0.07248019922847737,0.07422227647834392,0.07574354216514456,0.043244787343130565
2004-02-16 15:42:39,0.07283046047170218,0.07555110112798409,0.07697768445724876,0.044925240490257
2004-02-16 15:52:39,0.07380155281019515,0.07531178280189463,0.07890536647297199,0.04501884857658931
2004-02-16 16:02:39,0.0742282338004783,0.07438688412520093,0.07743693539723562,0.0443237951071815
2004-02-16 16:12:39,0.07492021094780038,0.0750516626788414,0.07644435763464986,0.04555940231456472
2004-02-16 16:22:39,0.07381356511548433,0.07471336491039574,0.07564007031593331,0.04442526490551159
2004-02-16 16:32:39,0.07385067630255351,0.07447375360124975,0.07631974217491073,0.04528468186923037
2004-02-16 16:42:39,0.0745259534156943,0.07336281068411503,0.07800302749157652,0.04475115972459429
2004-02-16 16:52:39,0.07519683578299627,0.07531793544606623,0.07645695590604978,0.04538278236241886
2004-02-16 17:02:39,0.07510313003564607,0.07403764832267193,0.07639591776942208,0.04543019678695113
2004-02-16 17:12:39,0.07354704819571266,0.07474652082621197,0.07608076566238525,0.04510176278138453
2004-02-16 17:22:39,0.07410493676449016,0.07477816299624002,0.077156306460276,0.04573387372430174
2004-02-16 17:32:39,0.0741455149177207,0.07533820010742667,0.07813692074808332,0.04552854143268609
2004-02-16 17:42:39,0.07373592460569323,0.07524434786854751,0.07712886371404808,0.04518990185067517
2004-02-16 17:52:39,0.07225494408906616,0.07405517847551125,0.07451960544948484,0.044298793886418684
2004-02-16 18:02:39,0.07660554714585646,0.07437072122662165,0.07785961228575615,0.046065139899407956
2004-02-16 18:12:39,0.07393022120220698,0.07465774696030023,0.07683339030226059,0.04492831681234286
2004-02-16 18:22:39,0.07421690512232038,0.07396552566043203,0.07785433859075197,0.04511138239171712
2004-02-16 18:32:39,0.07531979100542013,0.07510024903559741,0.07820542995263434,0.04494672591435008
2004-02-16 18:42:39,0.07501660237316207,0.07532770154792666,0.0759948239660141,0.04482235460715735
2004-02-16 18:52:39,0.07483939645490495,0.07414224327359643,0.07532652961570345,0.04511411690023786
2004-02-16 19:02:39,0.07483509937008621,0.07406733727232796,0.07623790224131997,0.044606230772985624
2004-02-16 19:12:39,0.07458801699301726,0.07576986180965829,0.07736534987059855,0.04565066653645079
2004-02-16 19:22:39,0.07450393085599823,0.07336193173494797,0.07793525074466509,0.04511660725621242
2004-02-16 19:32:39,0.07259382782362338,0.07480902387811866,0.07648874456760606,0.044826651691976
2004-02-16 19:42:39,0.07593862004980671,0.07428731871673391,0.07629972166609696,0.04537501831143961
2004-02-16 19:52:39,0.07557146345036334,0.07372474241906317,0.08004238488207426,0.045379120074221214
2004-02-16 20:02:39,0.07305000244152576,0.0733317544801987,0.07654802480589844,0.04476287904682689
2004-02-16 20:12:39,0.0748995068118559,0.07467498413008367,0.07665740514673516,0.04539127887103733
2004-02-16 20:22:39,0.0740706089164505,0.07327286488597978,0.07699653303383963,0.045537184432832306
2004-02-16 20:32:39,0.07597011572830689,0.07403789247521779,0.07535739049758276,0.04471443918159944
2004-02-16 20:42:39,0.07580013672542557,0.07340373065090987,0.07674129596171589,0.044974656965670816
2004-02-16 20:52:39,0.07345138922798966,0.07484706284486506,0.07535343522632926,0.04531300356462591
2004-02-16 21:02:39,0.07585555935348344,0.07452102153425383,0.07773289711411667,0.04505429952634272
2004-02-16 21:12:39,0.07657107280628926,0.07427940817422737,0.0757429561990334,0.04479613262366221
2004-02-16 21:22:39,0.0768506763025537,0.07337077005713173,0.07588373455735131,0.04519063430831466
2004-02-16 21:32:39,0.07641676839689428,0.07502309683089989,0.07566131158747887,0.04535162849748389
2004-02-16 21:42:39,0.07578436447092114,0.07386874359099563,0.07549982909321733,0.04498183505053848
2004-02-16 21:52:39,0.07568851018116127,0.07475662874163719,0.07639860344743353,0.04477313345378056
2004-02-16 22:02:39,0.07529879388641997,0.07469148884222818,0.07637413936227304,0.04514229210410548
2004-02-16 22:12:39,0.07630650910689044,0.0744338102446408,0.07758645441671994,0.045063479662091684
2004-02-16 22:22:39,0.07893774110063942,0.07451281800869197,0.07852961570389211,0.0451971287660517
2004-02-16 22:32:39,0.08147263049953599,0.0736635089603985,0.07627242541139675,0.04596723472825662
2004-02-16 22:42:39,0.08038917915913862,0.07407002295033893,0.07810542506958311,0.04552297475462555
2004-02-16 22:52:39,0.08096117974510449,0.07537306509106889,0.07663997265491397,0.046269056106253814
2004-02-16 23:02:39,0.08140348649836383,0.07450661653400988,0.07545646760095649,0.04538048732848134
2004-02-16 23:12:39,0.07997314321988341,0.073938522388788,0.07618516529127393,0.0457314321988364
2004-02-16 23:22:39,0.08076180477562359,0.07454465550075648,0.07607261096733181,0.04678524342008783
2004-02-16 23:32:39,0.08166971043507956,0.07418770447775766,0.07667464231651953,0.0448666927096039
2004-02-16 23:42:39,0.07849343229649806,0.07444367400751967,0.0772918111235894,0.04597289906733593
2004-02-16 23:52:39,0.08167449582499162,0.07378846623370311,0.07607764050979035,0.045997949118607884
2004-02-17 00:02:39,0.08147136090629414,0.07407207383172947,0.07778841740319374,0.04608154695053343
2004-02-17 00:12:39,0.08010557156111114,0.0739992187118507,0.0779281214903067,0.045425020752965097
2004-02-17 00:22:39,0.08079237267444662,0.07475843547048146,0.07931139215781974,0.0458397870989783
2004-02-17 00:32:39,0.08012866839201124,0.07486044240441364,0.07619498022364346,0.046542458127836875
2004-02-17 00:42:39,0.08180389667464216,0.07463484545143736,0.07542126080374953,0.04622603642755901
2004-02-17 00:52:39,0.08193627618536012,0.07458767517945239,0.07773987987694672,0.04735157966697469
2004-02-17 01:02:39,0.08061917085795199,0.07338092680306625,0.07495053469407643,0.04603784364470755
2004-02-17 01:12:39,0.07979886713218375,0.07385199472630474,0.07538693295571046,0.04589203574393149
2004-02-17 01:22:39,0.08144938717710844,0.07390517115093483,0.0767934957761607,0.04621036183407296
2004-02-17 01:32:39,0.08173021143610545,0.07365193612969402,0.07726300112310172,0.04746598955026986
2004-02-17 01:42:39,0.08071951755456784,0.07415782020606455,0.07554436251770134,0.04543498217686288
2004-02-17 01:52:39,0.07943048977000854,0.07357375848430066,0.07418477464719934,0.04608994579813375
2004-02-17 02:02:39,0.08213613945993485,0.0739395966599931,0.07653552419551668,0.045996191220273284
2004-02-17 02:12:39,0.08146110649934067,0.07327418330973133,0.07612651984960148,0.04678973582694359
2004-02-17 02:22:39,0.0807495971482984,0.07513433273108963,0.07730982958152217,0.045636896332827026
2004-02-17 02:32:39,0.079212803359539,0.07518086820645511,0.07822945456321105,0.04552190048342098
2004-02-17 02:42:39,0.07834410859905294,0.07418404218955926,0.07900375994921573,0.04618052639288931
2004-02-17 02:52:39,0.08039562478636604,0.07468772889301235,0.07558054592509407,0.046580985399676596
2004-02-17 03:02:39,0.0789028761169981,0.07410908735778111,0.0764925533473308,0.0457555544704318
2004-02-17 03:12:39,0.08018355388446709,0.07399384735582748,0.0760439474583712,0.045640949265099845
2004-02-17 03:22:39,0.08103364422090908,0.07528233800478498,0.0777118999951167,0.04603711118706832
2004-02-17 03:32:39,0.08096000781288093,0.07538839787098978,0.07593783876165766,0.04634718492113749
2004-02-17 03:42:39,0.07913115874798592,0.07470750524927855,0.07586630206553005,0.046034181356510315
2004-02-17 03:52:39,0.08004756091606101,0.07467376336735164,0.07759651350163556,0.04574827872454563
2004-02-17 04:02:39,0.08032037697153163,0.07394926510083491,0.0751225157478389,0.04516968601982394
2004-02-17 04:12:39,0.08034620831095239,0.07469798329996567,0.07558288978954006,0.04573773133453652
2004-02-17 04:22:39,0.08011763269690933,0.07390771033741837,0.07598178622002999,0.04637042824356548
2004-02-17 04:32:39,0.0808498950144048,0.07464343962107454,0.07594179403291142,0.046081498120024156
2004-02-17 04:42:39,0.08183265784462121,0.07336930514185193,0.07532394159871038,0.045669808096097185
2004-02-17 04:52:39,0.08147995507593171,0.07508286537428563,0.07685912398066302,0.04632950827677019
2004-02-17 05:02:39,0.08063230626495389,0.07346598955027066,0.0760043947458366,0.04562498168855744
2004-02-17 05:12:39,0.08051975194101257,0.07657991112847264,0.07721163142731535,0.046528248449630195
2004-02-17 05:22:39,0.0809378875921673,0.07444596904145645,0.07678875921675861,0.04642360466819554
2004-02-17 05:32:39,0.08057112163679893,0.07496972508423248,0.07728873480150361,0.04613154939205885
2004-02-17 05:42:39,0.08155095463645685,0.07474959714829846,0.07568938913032866,0.046806094047560136
2004-02-17 05:52:39,0.08189794423555889,0.07412857073099191,0.07847394892328687,0.04574710679232247
2004-02-17 06:02:39,0.08233248693783894,0.07515513452805225,0.07708340250988784,0.046729430147955484
2004-02-17 06:12:39,0.08107549196738127,0.0752005957322132,0.07642443478685407,0.046210313003563194
2004-02-17 06:22:39,0.08071028858830984,0.07489325650666505,0.0753674007519896,0.045915523218906
2004-02-17 06:32:39,0.08156135553493767,0.07578631769129356,0.07690180184579329,0.0465078861272512
2004-02-17 06:42:39,0.08279041945407459,0.07443649592265253,0.0761365789345176,0.04534352263293961
2004-02-17 06:52:39,0.08143376141413138,0.07434669661604518,0.07565369402802821,0.04516543776551445
2004-02-17 07:02:39,0.0837799697250841,0.07601235411885306,0.07726720054690102,0.04664700424825308
2004-02-17 07:12:39,0.08570613799501971,0.07482694467503209,0.07698959910151877,0.04675789833487841
2004-02-17 07:22:39,0.09000385761023423,0.07524571512280871,0.07636315249767994,0.047690023926948245
2004-02-17 07:32:39,0.11648893988964448,0.07749089311001445,0.08099174764392764,0.05084838126861557
2004-02-17 07:42:39,0.11979823233556465,0.07815176522291066,0.08144279505835132,0.05127979881830055
2004-02-17 07:52:39,0.12030685092045626,0.07734713609062899,0.07822437619024394,0.0511878021387753
2004-02-17 08:02:39,0.11844391816006676,0.07796283998242043,0.0793387372430297,0.051342985497337804
2004-02-17 08:12:39,0.11735704868401993,0.07685336198056485,0.0782133404951415,0.05133766297182391
2004-02-17 08:22:39,0.12105176033986205,0.07738693295571046,0.07910757361199212,0.0499674788808039
2004-02-17 08:32:39,0.11735050539577259,0.0778809512183207,0.07947863665217994,0.0515687777723513
2004-02-17 08:42:39,0.11516392401972879,0.07815254651105953,0.08093695981249029,0.050454319058546825
2004-02-17 08:52:39,0.12101084037306664,0.07750300307632176,0.0786850920455104,0.05100366228819719
2004-02-17 09:02:39,0.11763924019727712,0.0818539967771858,0.08024620342790191,0.050944577371940816
2004-02-17 09:12:39,0.11797485228771047,0.077084916255676,0.07790106938815392,0.050647101909272026
2004-02-17 09:22:39,0.11826475902143699,0.07764319546852783,0.07976859221641656,0.051685531520093024
2004-02-17 09:32:39,0.11887470091313143,0.07774617901264655,0.07931793544606676,0.05102846818692201
2004-02-17 09:42:39,0.11847155622833153,0.07773524097856291,0.07747580448263999,0.0505278089750466
2004-02-17 09:52:39,0.11374417696176622,0.07739245080326158,0.079645344010938,0.05141686605791189
2004-02-17 10:02:39,0.11534362029396068,0.07767640021485385,0.07795693149079481,0.0509015576932457
2004-02-17 10:12:39,0.11538478441330281,0.07752526978856357,0.07869446750329631,0.05123048000390547
2004-02-17 10:22:39,0.11772928365642898,0.07745524683822408,0.07920181649494575,0.05064895746862552
2004-02-17 10:32:39,0.11437594609111879,0.0768998974559305,0.07841066458323084,0.05154406953464419
2004-02-17 10:42:39,0.11579515601347819,0.07664080277357242,0.07775242931783738,0.050335074954830764
2004-02-17 10:52:39,0.11390741735436367,0.07730260266614544,0.0771974705796183,0.05090482933736911
2004-02-17 11:02:39,0.11488090238781258,0.0777246935885539,0.07846984716050513,0.05053235021241158
2004-02-17 11:12:39,0.1135962205185805,0.07758118072171458,0.07928717222520536,0.05185858684506006
2004-02-17 11:22:39,0.11794833732115939,0.07826866546218096,0.07985013916695113,0.05140236339664918
2004-02-17 11:32:39,0.11731207578495083,0.0774591044484595,0.0787705942672973,0.05180125982713897
2004-02-17 11:42:39,0.11517271351140118,0.07839337858293836,0.07933878607353843,0.051854680404315755
2004-02-17 11:52:39,0.11508931100151451,0.0775289809072704,0.07741701254944003,0.0511857512573846
2004-02-17 12:02:39,0.11639557595585764,0.07767815811318936,0.07742834122759827,0.050379706040333164
2004-02-17 12:12:39,0.11623990429220311,0.0776681966892912,0.07824791249572607,0.05177782118267382
2004-02-17 12:22:39,0.10965408467210312,0.0778503833194976,0.07996874847404585,0.05090634308315709
2004-02-17 12:32:39,0.1138973582694476,0.07795947067727868,0.07825587186874432,0.050617217637578676
2004-02-17 12:42:39,0.1104399628888141,0.0772567996484205,0.07841413154939189,0.05061770594267197
2004-02-17 12:52:39,0.11118179598613334,0.07837995019288012,0.07859021436593559,0.05114898188388036
2004-02-17 13:02:39,0.10977899311489811,0.07801704184774606,0.07944865471946902,0.04980814492895053
2004-02-17 13:12:39,0.11009619610332555,0.07729298305581311,0.07915845500268588,0.05008794374725223
2004-02-17 13:22:39,0.11049553200839934,0.07798378827091113,0.07826588212315004,0.05134684310757283
2004-02-17 13:32:39,0.10377601445383064,0.0768496996923673,0.078617950095219,0.05046061819424728
2004-02-17 13:42:39,0.10159040968797302,0.07582005957322084,0.07795663850773953,0.050430343278479145
2004-02-17 13:52:39,0.1066047170271985,0.07727139997070148,0.07928927193710535,0.051177938375896466
2004-02-17 14:02:39,0.10430147956443249,0.07775760535182341,0.07736227354851302,0.05045236583817459
2004-02-17 14:12:39,0.10415723423995339,0.0772007422237413,0.07803242345817675,0.05059485326431853
2004-02-17 14:22:39,0.10005928023829326,0.07818199130816954,0.0792607060891645,0.05019805654572878
2004-02-17 14:32:39,0.10147048195712657,0.07883129059036026,0.07720923873235959,0.05064641828214191
2004-02-17 14:42:39,0.10119541969822791,0.0780992235949013,0.07852233995800581,0.04979544899653197
2004-02-17 14:52:39,0.10338580985399733,0.07784794179403302,0.07832613897162963,0.04951413643244177
2004-02-17 15:02:39,0.10047482787245508,0.07835416768396872,0.07952312124615483,0.05032696909028693
2004-02-17 15:12:39,0.10199633771180278,0.07799501928805073,0.07974031935153134,0.05099741198300625
2004-02-17 15:22:39,0.09623541188534593,0.07825303969920426,0.07893012354118814,0.049564041212948697
2004-02-17 15:32:39,0.10207539430636246,0.07792397089701572,0.07759094682357544,0.05057224473851169
2004-02-17 15:42:39,0.10090526881195383,0.07788954538795777,0.07941750085453383,0.04966170223155292
2004-02-17 15:52:39,0.0979528297280138,0.07748063870306195,0.07847707407588199,0.050203574393279674
2004-02-17 16:02:39,0.0991639728502374,0.07835831827725909,0.07710229991698826,0.05018448166414283
2004-02-17 16:12:39,0.09811597245959289,0.07772068948679099,0.07883802920064448,0.050234630597195955
2004-02-17 16:22:39,0.0963413740905312,0.07832130475120858,0.07987274769275822,0.05058401289125338
2004-02-17 16:32:39,0.09458503833194953,0.07639010693881505,0.07799116167781625,0.04949103960154212
2004-02-17 16:42:39,0.09274930416524206,0.07686278626886062,0.077665218028224,0.04943185702426774
2004-02-17 16:52:39,0.09294604228722056,0.07813794618877892,0.07777235216563266,0.05003623223790109
2004-02-17 17:02:39,0.09174739977537945,0.07831422432735904,0.07839396454904957,0.050164119341763874
2004-02-17 17:12:39,0.09141613360027301,0.07605259045851853,0.07844894770252392,0.04890370623565487
2004-02-17 17:22:39,0.08995512476195135,0.0779263635919721,0.07870149909663542,0.04949631329654669
2004-02-17 17:32:39,0.08809434054397179,0.07780189462376118,0.08167068704526538,0.050619268518969224
2004-02-17 17:42:39,0.08808677181502982,0.0773528004297081,0.07882626104790227,0.0487510620635761
2004-02-17 17:52:39,0.08510449728990636,0.07703154450900862,0.07774774158894487,0.049335319107377346
2004-02-17 18:02:39,0.08490004394745822,0.07703369305141809,0.07720538112212441,0.04784896723472683
2004-02-17 18:12:39,0.08432740856487146,0.07709653791689063,0.07939074173543573,0.04874466526685784
2004-02-17 18:22:39,0.08426422188583409,0.07682538209873449,0.07712383417159001,0.0486769373504556
2004-02-17 18:32:39,0.08373953806338215,0.07703183749206469,0.07950085453391173,0.05018902290150796
2004-02-17 18:42:39,0.08393705747350969,0.07804057815323001,0.08085907515015281,0.048612676400213536
2004-02-17 18:52:39,0.08375091557204876,0.0776867034523166,0.07800639679671889,0.04863670101079032
2004-02-17 19:02:39,0.08159871087455463,0.07728502368279642,0.07798437423702295,0.049520044924067544
2004-02-17 19:12:39,0.08210864788319752,0.07737858293861942,0.07785482689584432,0.04917383661311515
2004-02-17 19:22:39,0.08246823575369883,0.07761052785780546,0.07849274866936849,0.04821338932564942
2004-02-17 19:32:39,0.08077660041994268,0.07797680550808155,0.07772230089359772,0.048178475511498724
2004-02-17 19:42:39,0.08004282435665906,0.07892157820205978,0.0798444748278727,0.0483205722935679
2004-02-17 19:52:39,0.08164163289223085,0.07895888471116684,0.07830606963230588,0.04901362371209422
2004-02-17 20:02:39,0.08117154157917794,0.07860134772205622,0.08164837150251457,0.04830631378485181
2004-02-17 20:12:39,0.07993393232091409,0.07761033253576884,0.07889301235411854,0.04885619415010375
2004-02-17 20:22:39,0.07949846183895647,0.07879749987792349,0.0807904682845843,0.04800673861028256
2004-02-17 20:32:39,0.07918692318960871,0.07822276478343697,0.0786438790956581,0.04892489867669175
2004-02-17 20:42:39,0.07678431564041156,0.0777280628936958,0.07835226329410581,0.0481021045949496
2004-02-17 20:52:39,0.07915933395185294,0.07845304946530585,0.07793427413447884,0.048655354265344036
2004-02-17 21:02:39,0.07823511890228964,0.0793047023780456,0.07814571023975728,0.04783026514966426
2004-02-17 21:12:39,0.07803891791591361,0.07746916353337577,0.0784232628546312,0.04803066555984077
2004-02-17 21:22:39,0.07697641486400668,0.07820733434249653,0.079762976707847,0.04832906880218627
2004-02-17 21:32:39,0.07928643976756665,0.07849748522877083,0.08013799501928705,0.048138776307435904
2004-02-17 21:42:39,0.07752302358513653,0.07836491039601509,0.07859216758630781,0.047164558816347416
2004-02-17 21:52:39,0.07971248596122903,0.0792213486986666,0.0782488402754035,0.048192929342251715
2004-02-17 22:02:39,0.07791313052395091,0.07709692856096402,0.07967161482494224,0.048079837882707956
2004-02-17 22:12:39,0.07740934615948043,0.07864002148542427,0.08211128473069924,0.04796240050783642
2004-02-17 22:22:39,0.07883505053957705,0.07788578543874188,0.07905273695004691,0.048278724547095676
2004-02-17 22:32:39,0.07949240685580324,0.07742189560037054,0.07772376580887673,0.04777928609795259
2004-02-17 22:42:39,0.07956091606035481,0.07791044484593933,0.07734669661604514,0.04801445383075206
2004-02-17 22:52:39,0.08071063040187552,0.0774900141608473,0.07950192880511692,0.048853117828017684
2004-02-17 23:02:39,0.08080638703061646,0.0783108550222178,0.0795000244152545,0.048306216123833
2004-02-17 23:12:39,0.08019312466428993,0.0775189706528635,0.07950080570340295,0.04772527955466442
2004-02-17 23:22:39,0.0810740758826112,0.0782302358513589,0.07759114214561183,0.04787421260803628
2004-02-17 23:32:39,0.07880624053908832,0.0767997949118606,0.07800429708481874,0.0477218125885043
2004-02-17 23:42:39,0.08146979832999676,0.07762659309536564,0.08132809219200132,0.04772195908003206
2004-02-17 23:52:39,0.08140876019336853,0.0789201132867806,0.07868221104546086,0.04771185116460656
2004-02-18 00:02:39,0.0811420967820694,0.07854431368719168,0.08020899457981331,0.04732506470042362
2004-02-18 00:12:39,0.0815993456711751,0.0775867962302842,0.0793136383612475,0.04801230528834341
2004-02-18 00:22:39,0.08100180672884416,0.0768216709800276,0.07835758581961988,0.047746520826210885
2004-02-18 00:32:39,0.08333883490404825,0.07782963035304437,0.07942858538014501,0.04845348893988855
2004-02-18 00:42:39,0.08225128180086883,0.07770022950339336,0.07786898774354198,0.04743131988866531
2004-02-18 00:52:39,0.08296874847404664,0.0782297963767759,0.07800424825430914,0.04764978758728345
2004-02-18 01:02:39,0.08414927486693717,0.07795942184676918,0.0799454074905996,0.0479450656770337
2004-02-18 01:12:39,0.08430797402216918,0.07809341276429443,0.07998735289809032,0.04923272620733347
2004-02-18 01:22:39,0.08319610332535736,0.07706040334000622,0.0792144635968549,0.04712271106987514
2004-02-18 01:32:39,0.08433824893793644,0.07736920748083304,0.07849470188974082,0.0473402509888168
2004-02-18 01:42:39,0.08413555349382272,0.07672513306313733,0.07884823477708851,0.04643073392255296
2004-02-18 01:52:39,0.0827310903852727,0.07838751892182237,0.0801193417647343,0.04786303042140638
2004-02-18 02:02:39,0.08330377459836837,0.07727701547927122,0.07878748962351677,0.04716792812148915
2004-02-18 02:12:39,0.08389755359148353,0.07778934518286973,0.08066028614678442,0.04734327848039325
2004-02-18 02:22:39,0.08458669856926582,0.07735226329410588,0.0800276380682652,0.047384833243809425
2004-02-18 02:32:39,0.08438214756579869,0.07915176522291123,0.08002929830558114,0.04733009424288138
2004-02-18 02:42:39,0.0844697983299962,0.07882328238683495,0.0795798622979635,0.04836896332828629
2004-02-18 02:52:39,0.08491527906636025,0.07752028907661476,0.07833317056496879,0.04681610430196656
2004-02-18 03:02:39,0.08580340836954879,0.07859182577274222,0.08027223008935928,0.04798207920308524
2004-02-18 03:12:39,0.0865317642463012,0.0787216172664675,0.07865120367205376,0.047992968406659474
2004-02-18 03:22:39,0.08473646174129534,0.07784569559060446,0.07856946139948248,0.04783490404804801
2004-02-18 03:32:39,0.08602802871233972,0.07954006543288183,0.08154328824649619,0.04765139899409051
2004-02-18 03:42:39,0.10158137604375221,0.07872205674105179,0.08067713267249325,0.04829942868304016
2004-02-18 03:52:39,0.10178763611504488,0.07934303432784788,0.08043400556667735,0.049179354460665826
2004-02-18 04:02:39,0.10004785389911552,0.0798459397431511,0.08156086722984508,0.04952419551735804
2004-02-18 04:12:39,0.10487831437081897,0.08097895405049027,0.08131798427657533,0.048865276624834114
2004-02-18 04:22:39,0.10200019532203738,0.0789148884222863,0.080259534156941,0.04853645197519291
2004-02-18 04:32:39,0.10476116997900285,0.08087572635382495,0.08196884613506504,0.049541530348160445
2004-02-18 04:42:39,0.10702465940719777,0.07925465110601031,0.08165432882464925,0.050015918746031146
2004-02-18 04:52:39,0.10450505395771337,0.08073690121587954,0.08229498510669438,0.04903388837345468
2004-02-18 05:02:39,0.10830011231017098,0.07969725084232555,0.08010215342545947,0.04980248058987149
2004-02-18 05:12:39,0.10716118951120625,0.08006929049269924,0.08076097465696548,0.04979623028468055
2004-02-18 05:22:39,0.1099884271692954,0.07971067923238437,0.08005561795009412,0.04989306118462717
2004-02-18 05:32:39,0.10994111040578201,0.07926910493676435,0.08244841056692191,0.048684652570925205
2004-02-18 05:42:39,0.11441628009180231,0.07905893842472739,0.08243615410908743,0.0497871478099502
2004-02-18 05:52:39,0.11166883148591315,0.08039928707456388,0.08102104594950893,0.04989306118462689
2004-02-18 06:02:39,0.11484847892963598,0.0812243761902434,0.08140294936276132,0.05053801455149093
2004-02-18 06:12:39,0.11693940133795634,0.08050710483910321,0.08171858977489142,0.05040255871868649
2004-02-18 06:22:39,0.11676146296205944,0.08098173738952023,0.08153498705991503,0.05004131061086843
2004-02-18 06:32:39,0.11630714390351142,0.08065388935006576,0.08402290150886256,0.05140031251525848
2004-02-18 06:42:39,0.11679330045412373,0.08111890229015045,0.08146105766883137,0.05020567410517977
2004-02-18 06:52:39,0.11825689730943986,0.08062356560378865,0.08181097709849038,0.05089052199814362
2004-02-18 07:02:39,0.11790492699838881,0.08230372576785915,0.08132184188680967,0.05070521021534135
2004-02-18 07:12:39,0.1185651643146643,0.08115240001953214,0.08233160798867104,0.050468772889300254
2004-02-18 07:22:39,0.11900620147468233,0.08172264270716317,0.08280614287806978,0.05185204355681388
2004-02-18 07:32:39,0.11833824893793655,0.08035587675179393,0.08137501831144077,0.051325943649591414
2004-02-18 07:42:39,0.11680848674251704,0.07958440353532921,0.08285892865862622,0.050096928560964066
2004-02-18 07:52:39,0.1219739733385429,0.08112764295131566,0.0829257287953511,0.05112886371404766
2004-02-18 08:02:39,0.12400761755945115,0.08210469261194416,0.08161047902729551,0.05157468626397705
2004-02-18 08:12:39,0.12353488939889666,0.0807210313003566,0.08227403681820412,0.051297475462668427
2004-02-18 08:22:39,0.12379339811514248,0.08194794667708345,0.08308667415401098,0.05214165730748448
2004-02-18 08:32:39,0.1206158503833196,0.08125479759753858,0.08450778846623316,0.05117613164705214
2004-02-18 08:42:39,0.11739445285414377,0.08120796913911756,0.08176659016553539,0.050391962498167804
2004-02-18 08:52:39,0.11564798085844069,0.08029239708970103,0.0818196689291467,0.05121124078324037
2004-02-18 09:02:39,0.11735592558230414,0.08112896137506681,0.08225137946188747,0.051345085209237716
2004-02-18 09:12:39,0.11812451779872142,0.08235856242980533,0.08346398749938963,0.05240709995605161
2004-02-18 09:22:39,0.12217759656233365,0.08179266565750237,0.08287196640460955,0.05133185214121682
2004-02-18 09:32:39,0.11730162605596013,0.08082128033595355,0.08181073294594449,0.051711314029004515
2004-02-18 09:42:39,0.1156163875189224,0.08034015332779926,0.0828229405732699,0.05110840373065027
2004-02-18 09:52:39,0.11779955075931457,0.08048752380487272,0.08241398505786415,0.05152961570389094
2004-02-18 10:02:39,0.11536891449777893,0.08099897455930453,0.0830018067288435,0.051351774989012125
2004-02-18 10:12:39,0.12012285756140463,0.08300185555935338,0.08447751355046611,0.051844230675325134
2004-02-18 10:22:39,0.11886771815030084,0.0809357878802665,0.08192275013428385,0.050884125201424865
2004-02-18 10:32:39,0.11673568045314764,0.08106304018750864,0.08310562039161982,0.05127525758093571
2004-02-18 10:42:39,0.11629815908979989,0.0807229356902192,0.08116475413838516,0.05029195761511687
2004-02-18 10:52:39,0.11142795058352481,0.08170838419844731,0.082621172908833,0.05178455979295787
2004-02-18 11:02:39,0.11010522974754652,0.07996132623663278,0.08450402851701755,0.05048537526246296
2004-02-18 11:12:39,0.10920572293569115,0.08054660872112866,0.08265022706186793,0.05053781922945377
2004-02-18 11:22:39,0.10898129791493676,0.08107163435714602,0.08235773231114747,0.05183002099711814
2004-02-18 11:32:39,0.10960134772205656,0.08130206553054294,0.08385819620098592,0.05088866643878955
2004-02-18 11:42:39,0.10869656721519691,0.08059578104399644,0.08292250598173768,0.05147150739782147
2004-02-18 11:52:39,0.11875130621612423,0.08250002441525417,0.08467644904536294,0.05353127594120751
2004-02-18 12:02:39,0.12193793642267671,0.08189115679476533,0.08430348161531291,0.0524573465501237
2004-02-18 12:12:39,0.1160880902387807,0.08380389667464185,0.0851977147321645,0.053210166512036056
2004-02-18 12:22:39,0.11481141657307536,0.08328004297084794,0.08491186093070911,0.054154206748375726
2004-02-18 12:32:39,0.11596362127057029,0.0825586698569259,0.08478485277601433,0.05349186972020075
2004-02-18 12:42:39,0.11243073392255551,0.08318116118951079,0.08620645539332977,0.05319092729137079
2004-02-18 12:52:39,0.10986571609941934,0.08405332291615755,0.08466565750280737,0.05313242834122708
2004-02-18 13:02:39,0.11151799404267862,0.08417578983348734,0.08578529225059794,0.0530712925435805
2004-02-18 13:12:39,0.11318799746081473,0.08420967820694283,0.08655251721275344,0.05392401972752497
2004-02-18 13:22:39,0.11035128668392036,0.08403164217002779,0.08557151228087266,0.05369173299477444
2004-02-18 13:32:39,0.10866546218077068,0.08523121246154565,0.08530567898823105,0.05398193271155727
2004-02-18 13:42:39,0.11058982372186127,0.08521548903754977,0.08530641144587171,0.05395893354167597
2004-02-18 13:52:39,0.11285458274329888,0.08475633575858148,0.08569529762195409,0.054153181307680355
2004-02-18 14:02:39,0.11329049269983968,0.0860414082718884,0.08773201816494935,0.053963425948532116
2004-02-18 14:12:39,0.11240529322720842,0.08514658918892526,0.08528819766590123,0.05511621661213853
2004-02-18 14:22:39,0.11148781678792975,0.08665310806191676,0.08842047951560159,0.05516870940963847
2004-02-18 14:32:39,0.1125022217881732,0.08533419600566339,0.0866216123834163,0.05425001220762631
2004-02-18 14:42:39,0.11693520191415589,0.0863154939206011,0.08865310806191722,0.05661746179012536
2004-02-18 14:52:39,0.1123453293617852,0.08708071683187688,0.08642795058352383,0.055072855119878264
2004-02-18 15:02:39,0.10555979295864051,0.08582816543776513,0.08795297621954179,0.05368802187606734
2004-02-18 15:12:39,0.10124796132623709,0.08751130426290277,0.08925948532643163,0.055313394208701246
2004-02-18 15:22:39,0.09898725523707198,0.08847126324527556,0.09007280628936896,0.054718687435909574
2004-02-18 15:32:39,0.09555945114507511,0.08646887055031947,0.08881620196298548,0.055151423409345646
2004-02-18 15:42:39,0.09482142682748182,0.08918438400312495,0.09085228770936024,0.054422872210556694
2004-02-18 15:52:39,0.09397934469456465,0.0879656233214509,0.09068186923189564,0.05472435177498818
2004-02-18 16:02:39,0.0920869671370673,0.08862239367156557,0.08906470042482476,0.054203525562771304
2004-02-18 16:12:39,0.09362219834952909,0.09012271106987636,0.09160608428145872,0.05401972752575746
2004-02-18 16:22:39,0.09314063186679018,0.08854768299233363,0.0908534108110743,0.053908442795057486
2004-02-18 16:32:39,0.09339186483714995,0.08821563552907837,0.09190355974412745,0.05373084623272563
2004-02-18 16:42:39,0.0974135455832802,0.09154319058547754,0.0922345817666879,0.054945260999071426
2004-02-18 16:52:39,0.09935314224327367,0.09029273890326636,0.09209473118804569,0.05491371649006237
2004-02-18 17:02:39,0.10904594950925338,0.09257966697592605,0.09441686605791326,0.05527496459788028
2004-02-18 17:12:39,0.11510850139167006,0.09140377948142035,0.09416040822305739,0.05426588212314976
2004-02-18 17:22:39,0.12250510278822334,0.09348659602519582,0.09392548464280479,0.05558621026417252
2004-02-18 17:32:39,0.1297589726060845,0.09475804482640728,0.09573402021583058,0.05706040334000623
2004-02-18 17:42:39,0.13361716880707156,0.09424351774988944,0.09689389130328507,0.055239806631182546
2004-02-18 17:52:39,0.13430230968308995,0.09511167537477407,0.09813789735826874,0.05693798525318542
2004-02-18 18:02:39,0.1345880658235284,0.09248801210996668,0.0954794179403286,0.056694565164314134
2004-02-18 18:12:39,0.12972708628351082,0.0937049660627955,0.0965114019239223,0.05603032374627607
2004-02-18 18:22:39,0.12410737828995631,0.0934448459397424,0.0973654963621262,0.0553535817178567
2004-02-18 18:32:39,0.1294179403291181,0.0959208457444198,0.10047912495727264,0.05651320865276555
2004-02-18 18:42:39,0.13104175008545446,0.09432994775135477,0.09803442550905785,0.05541295961716811
2004-02-18 18:52:39,0.13030577664925158,0.09500668977977361,0.0983828800234382,0.05717378778260568
2004-02-18 19:02:39,0.14065691684164355,0.0970395038820247,0.10009233849309071,0.05794809316861123
2004-02-18 19:12:39,0.13239401337955975,0.09805952439083847,0.10292323843937654,0.05787694711655803
2004-02-18 19:22:39,0.1270397480345725,0.096234825919234,0.10168479906245359,0.0596777186386044
2004-02-18 19:32:39,0.1300288100004883,0.09587743542165099,0.10046369451633352,0.05938131744714086
2004-02-18 19:42:39,0.12517647346061833,0.09817813369793389,0.10265882123150565,0.06033146149714311
2004-02-18 19:52:39,0.12989481908296435,0.09961897553591426,0.10318116118951039,0.06105591093315055
2004-02-18 20:02:39,0.12621617266468138,0.10043102690560964,0.10605293227208346,0.062396406074515534
2004-02-18 20:12:39,0.13544069534645298,0.10170433126617516,0.10648332438107372,0.06462800918013545
2004-02-18 20:22:39,0.1335421163142729,0.10145842082132848,0.10754909907710293,0.06581634845451362
2004-02-18 20:32:39,0.12993945016846625,0.10316079886713232,0.1065890912642221,0.06447736705893778
2004-02-18 20:42:39,0.12924957273304372,0.10409248498461834,0.10917408076566144,0.06437316275208721
2004-02-18 20:52:39,0.12224161336002837,0.10455798622979565,0.11011802334098397,0.06387421260803726
2004-02-18 21:02:39,0.11611880462913277,0.10358699155232139,0.11032648078519482,0.06211172420528348
2004-02-18 21:12:39,0.12288246496411008,0.10409897944235527,0.11085717076029115,0.06345187753308176
2004-02-18 21:22:39,0.13251594316128734,0.1049158650324715,0.11111001513745711,0.06504336149225981
2004-02-18 21:32:39,0.1301662678841742,0.1020964402558715,0.11018496996923682,0.06078968699643545
2004-02-18 21:42:39,0.13848918404219054,0.10203491381415,0.10960862346794317,0.06267547243517728
2004-02-18 21:52:39,0.14576908052151077,0.10522886859709858,0.11338629815908986,0.06305200449240658
2004-02-18 22:02:39,0.15188344157429617,0.10471214414766389,0.11432023048000378,0.06350910688998487
2004-02-18 22:12:39,0.16506318667903913,0.10511069876458771,0.11372488891059124,0.06414605205332251
2004-02-18 22:22:39,0.1890864300014664,0.10693730162605584,0.11292514282923975,0.06900117193222333
2004-02-18 22:32:39,0.14993813174471432,0.1066218565359631,0.11555471458567332,0.06563591972264264
2004-02-18 22:42:39,0.14828526783534415,0.1048814883539237,0.11774110063967862,0.06880287123394659
2004-02-18 22:52:39,0.14838351482005924,0.10732955710727923,0.119264368377362,0.06986513013330713
2004-02-18 23:02:39,0.1290345231700777,0.10422613408857895,0.11637394404023649,0.06610474144245265
2004-02-18 23:12:39,0.12588309976073123,0.1063438644465063,0.11738771424385981,0.066913423507007
2004-02-18 23:22:39,0.13192426388007325,0.10599848625421099,0.1180866253235027,0.06888251379461911
2004-02-18 23:32:39,0.1296723961130916,0.10725142829239624,0.11939699204062769,0.068999365203379
2004-02-18 23:42:39,0.15187968162508134,0.10857468626397719,0.12052839494115955,0.07050471214414746
2004-02-18 23:52:39,0.14585922164168388,0.10800527369500532,0.12064544167195648,0.06864090043459165
2004-02-19 00:02:39,0.1608948190829634,0.10864920162117296,0.12114732164656485,0.07063089018018433
2004-02-19 00:12:39,0.1428824649641097,0.11087098979442404,0.12569119585917235,0.07058484300991247
2004-02-19 00:22:39,0.12944904536354224,0.1092163679867178,0.12521563552907913,0.06833678402265705
2004-02-19 00:32:39,0.1235695102299922,0.10371946872405835,0.12050656770350154,0.06748073636408004
2004-02-19 00:42:39,0.1245395282972805,0.10220391620684624,0.11899282191513239,0.06735592558230366
2004-02-19 00:52:39,0.13982372186141928,0.10922017676644359,0.1216840177743051,0.07373260413106114
2004-02-19 01:02:39,0.16090014160847724,0.11404863518726557,0.12372361931734907,0.07855178475511454
2004-02-19 01:12:39,0.17741344792226302,0.11349802236437341,0.12251848234777127,0.07930133307290331
2004-02-19 01:22:39,0.15332438107329535,0.1064635968553156,0.11563572440060527,0.0741501538161031
2004-02-19 01:32:39,0.17944972899067477,0.10982587040382841,0.11563386884125239,0.07673050441916078
2004-02-19 01:42:39,0.1556241027393912,0.09783509937008568,0.10814424532447894,0.07230738805605721
2004-02-19 01:52:39,0.17179969725084288,0.0974413789735827,0.10144631085502172,0.0753342936666827
2004-02-19 02:02:39,0.1629501440500033,0.09634723375164791,0.09686019825186701,0.07186024708237686
2004-02-19 02:12:39,0.19724737536012535,0.10747795302504955,0.1016060842814587,0.07920699252893144
2004-02-19 02:22:39,0.15504370330582504,0.10284496313296547,0.09709497534059208,0.07343879095658905
2004-02-19 02:32:39,0.17242892719371114,0.1267115093510436,0.11974007519898529,0.08187113628595138
2004-02-19 02:42:39,0.2041142633917676,0.13638082914204813,0.13269866692709625,0.0888463303872257
2004-02-19 02:52:39,0.1830077152204702,0.1468081449289518,0.14963049953611107,0.08643781434640319
2004-02-19 03:02:39,0.18231617754773366,0.11339181600664106,0.13548054104204385,0.07744279505835225
2004-02-19 03:12:39,0.1947656135553519,0.11252619756824041,0.12089203574393315,0.07410034669661521
2004-02-19 03:22:39,0.23014361052785962,0.139450803261879,0.13315840617217642,0.08627867571658776
2004-02-19 03:32:39,0.2280289564920198,0.14629083451340383,0.13295468528736784,0.0878756286928065
2004-02-19 03:42:39,0.2803990917525297,0.1438438400312526,0.13007329459446365,0.09088153718443236
2004-02-19 03:52:39,0.25395551540602973,0.11585634064163308,0.12070604033400079,0.08710000488305111
2004-02-19 04:02:39,0.25511953708677515,0.11855368914497846,0.12533961619219694,0.09504902583133917
2004-02-19 04:12:39,0.26933859075150424,0.1492168074613022,0.1461171443918161,0.10620967820694406
2004-02-19 04:22:39,0.2942306264954381,0.1525313736022268,0.14783236486156567,0.1099451633380535
2004-02-19 04:32:39,0.29984193564139117,0.1284775135504671,0.12227423214024069,0.09860164070511279
2004-02-19 04:42:39,0.24854450900923097,0.10733400068362714,0.09503672054299434,0.09074061233458637
2004-02-19 04:52:39,0.32918218663021004,0.15279530250500528,0.1340771033741895,0.10227935934371739
2004-02-19 05:02:39,0.41670853068997904,0.14992108989696823,0.142586845060794,0.09535895307388051
2004-02-19 05:12:39,0.35195160896528443,0.13249763172029858,0.12752844377166947,0.11118702085062704
2004-02-19 05:22:39,0.338264710190933,0.13677205918257784,0.11817198105376192,0.116861126031545
2004-02-19 05:32:39,0.3013438644465075,0.14043581229552235,0.11146276673665712,0.11449543434737984
2004-02-19 05:42:39,0.4533354655989083,0.1610163582206173,0.13744015821085095,0.11904736559402287
2004-02-19 05:52:39,0.33758254797598103,0.13239958005762045,0.14499233361003977,0.09212456662922913
2004-02-19 06:02:39,0.35111138239172207,0.15226612627569774,0.15129947751355013,0.100817422725719
2004-02-19 06:12:39,0.0018568289467259527,0.0037315786903659035,0.0036558914009475574,0.00178592704721905
2004-02-19 06:22:39,0.001168367596073911,0.0007671273011378444,0.0007160994189170159,0.0016985204355680142
